Country,Year,GDP ($ USD billions PPP),GDP per capita in $ (PPP),ISO Country code,Region,Military Spending as % of GDP,health expenditure % of GDP,health expenditure per person,unemployment (%)
Afghanistan,2014,,,AFG,Middle East,,3.695219994,,
Afghanistan,2015,,,AFG,Middle East,,3.255800009,184,
Afghanistan,2016,,,AFG,Middle East,,3.511980057,,
Afghanistan,2017,,,AFG,Middle East,,3.373310089,,
Afghanistan,2018,75.60041811,2082.392197,AFG,Middle East,,3.199790001,69.99860382,8.5
Afghanistan,2019,78.55760665,2152.190243,AFG,Middle East,0.012,3.213779926,65.80603027,
Afghanistan,2020,76.71063823,2078.479082,AFG,Middle East,,,,
Afghanistan,2021,,,AFG,Middle East,,3.21,,13.28299999
Afghanistan,2022,,,AFG,Middle East,,,,
Albania,2014,,,ALB,Europe,,3.049999952,,
Albania,2015,,,ALB,Europe,,3.437969923,774,
Albania,2016,,,ALB,Europe,,3.962090015,,
Albania,2017,,,ALB,Europe,,3.611730099,,
Albania,2018,38.1717938,13498.13817,ALB,Europe,,,274.914093,16.3
Albania,2019,38.96884504,13999.42397,ALB,Europe,0.013,3.916650057,,
Albania,2020,37.6120939,13632.18654,ALB,Europe,,3.099999905,,
Albania,2021,40.82570251,15646.04152,ALB,Europe,0.014156359,3.92,,11.81900024
Albania,2022,,,ALB,Europe,,,,
Algeria,2014,,,DZA,Africa,,,,
Algeria,2015,,,DZA,Africa,,,1031,
Algeria,2016,,,DZA,Africa,,7.344359875,,
Algeria,2017,,,DZA,Africa,,6.505380154,,
Algeria,2018,491.1451568,11908.53761,DZA,Africa,,5.866350174,256.0094605,11.2
Algeria,2019,496.0566084,12008.26483,DZA,Africa,0.06,6.100359917,248.2058716,
Algeria,2020,470.7577213,11323.31222,DZA,Africa,,,,
Algeria,2021,488.8715063,12037.48124,DZA,Africa,0.055925841,6.1,,12.70400047
Algeria,2022,,,DZA,Africa,,,,
Angola,2014,,,AGO,Africa,,3.122917652,,
Angola,2015,,,AGO,Africa,,3.4868958,196,
Angola,2016,,,AGO,Africa,,2.754936457,,
Angola,2017,,,AGO,Africa,,2.466878891,,
Angola,2018,215.1179202,7148.933253,AGO,Africa,,2.044701338,87.31073761,6.6
Angola,2019,213.6120948,6995.299736,AGO,Africa,0.016,1.927457333,71.32600403,
Angola,2020,201.8634296,6478.332182,AGO,Africa,,2.415200233,,
Angola,2021,203.2764736,6581.042021,AGO,Africa,0.011320598,2.42,,8.529999733
Angola,2022,,,AGO,Africa,,,,
Argentina,2014,,,ARG,South America,,5.361440182,,
Argentina,2015,,,ARG,South America,,5.776110172,1390,
Argentina,2016,,,ARG,South America,,5.545489788,,
Argentina,2017,,,ARG,South America,,5.454319954,,
Argentina,2018,1012.127189,23290.67574,ARG,South America,,4.877739906,1127.928467,6.6
Argentina,2019,991.6221582,22997.39176,ARG,South America,0.007,4.724170208,945.9919434,
Argentina,2020,893.4984785,20769.03238,ARG,South America,,,,
Argentina,2021,985.2050263,23627.39429,ARG,South America,0.00565318,4.72,,10.90200043
Argentina,2022,,,ARG,South America,,,,
Armenia,2014,,,ARM,Europe,,2.247240067,,
Armenia,2015,,,ARM,Europe,,2.80591011,883,
Armenia,2016,,,ARM,Europe,,2.75812006,,
Armenia,2017,,,ARM,Europe,,2.707590103,,
Armenia,2018,37.53170842,13018.87429,ARM,Europe,,2.255870104,422.2826843,16.8
Armenia,2019,40.38411826,14230.01487,ARM,Europe,0.049,2.561850071,523.9990845,
Armenia,2020,37.39569351,13311.02814,ARM,Europe,,2.705670118,,
Armenia,2021,39.52724804,14630.24422,ARM,Europe,0.044401211,2.71,,20.89699936
Armenia,2022,,,ARM,Europe,,,,
Australia,2014,,,AUS,Australia,,5.164690018,,
Australia,2015,,,AUS,Australia,,5.315839767,4492,
Australia,2016,,,AUS,Australia,,5.286230087,,
Australia,2017,,,AUS,Australia,,5.136809826,,
Australia,2018,1224.878851,50169.18729,AUS,Australia,,5.123449802,5364.542969,5.7
Australia,2019,1250.762371,51748.39772,AUS,Australia,0.019,,5427.462402,
Australia,2020,1250.714385,53316.88543,AUS,Australia,,,,
Australia,2021,1269.164459,55807.44402,AUS,Australia,0.019784225,5.12,,5.111999989
Australia,2022,,,AUS,Australia,,,,
Austria,2014,,,AUT,Europe,,5.447619915,,
Austria,2015,,,AUT,Europe,,5.456580162,5138,
Austria,2016,,,AUT,Europe,,5.47961998,,
Austria,2017,,,AUT,Europe,,5.371590137,,
Austria,2018,488.5127895,56960.09143,AUT,Europe,,5.224520206,5322.262695,6.1
Austria,2019,495.7975453,58076.3488,AUT,Europe,0.007,,5242.183105,
Austria,2020,462.4079898,55685.97029,AUT,Europe,,,,
Austria,2021,483.1422217,58427.49569,AUT,Europe,0.008021217,5.22,,6.301000118
Austria,2022,,,AUT,Europe,,,,
Azerbaijan,2014,,,AZE,Asia & Pacific,,2.633039951,,
Azerbaijan,2015,,,AZE,Asia & Pacific,,2.951679945,1191,
Azerbaijan,2016,,,AZE,Asia & Pacific,,2.903409958,,
Azerbaijan,2017,,,AZE,Asia & Pacific,,2.473819971,,
Azerbaijan,2018,141.2401021,14549.0619,AZE,Asia & Pacific,,2.455430031,168.3916473,5.1
Azerbaijan,2019,144.7711047,15051.56128,AZE,Asia & Pacific,0.04,2.681080103,193.1088409,
Azerbaijan,2020,138.5459471,14478.52445,AZE,Asia & Pacific,,,,
Azerbaijan,2021,146.3045718,15842.88951,AZE,Asia & Pacific,0.05270059,2.46,,6.583000183
Azerbaijan,2022,,,AZE,Asia & Pacific,,,,
Bahamas,2014,,,BHS,South America,,2.5,,
Bahamas,2015,,,BHS,South America,,2.249901056,1699,
Bahamas,2016,,,BHS,South America,,2.331181526,,
Bahamas,2017,,,BHS,South America,,2.42276907,,
Bahamas,2018,13.96025536,37065.53445,BHS,South America,,2.249673843,2002.412964,15.3
Bahamas,2019,14.22496465,38063.81604,BHS,South America,,2.288417339,2004.616333,
Bahamas,2020,10.83620714,29064.7595,BHS,South America,,2.371343613,,
Bahamas,2021,12.32290604,34107.84983,BHS,South America,,5.562222271,,13.23900032
Bahamas,2022,,,BHS,South America,,,,
Bahrain,2014,,,BHR,Middle East,,2.467459917,,
Bahrain,2015,,,BHR,Middle East,,2.674540043,2453,
Bahrain,2016,,,BHR,Middle East,,2.869999886,,
Bahrain,2017,,,BHR,Middle East,,2.324520111,,
Bahrain,2018,72.78693976,47485.6176,BHR,Middle East,,2.366607189,994.1790161,1.3
Bahrain,2019,74.36420703,47224.23713,BHR,Middle East,0.037,2.094912291,940.3956909,
Bahrain,2020,70.69369762,43821.12449,BHR,Middle East,,2.152053356,,
Bahrain,2021,72.26688069,45411.12035,BHR,Middle East,0.035582597,2.15,,1.873999953
Bahrain,2022,,,BHR,Middle East,,,,
Bangladesh,2014,,,BGD,Asia & Pacific,,,,
Bangladesh,2015,,,BGD,Asia & Pacific,,,88,
Bangladesh,2016,,,BGD,Asia & Pacific,,1.535539985,,
Bangladesh,2017,,,BGD,Asia & Pacific,,,,
Bangladesh,2018,838.7982389,5321.940225,BGD,Asia & Pacific,,,41.90407562,4.1
Bangladesh,2019,904.9116044,5784.269636,BGD,Asia & Pacific,0.013,1.326320052,45.85716248,
Bangladesh,2020,936.1131507,5995.407429,BGD,Asia & Pacific,,,,
Bangladesh,2021,1001.067001,6613.013275,BGD,Asia & Pacific,0.012697767,1.33,,5.229000092
Bangladesh,2022,,,BGD,Asia & Pacific,,,,
Barbados,2014,,,BRB,South America,,6.143499851,,
Barbados,2015,,,BRB,South America,,5.382918835,1234,
Barbados,2016,,,BRB,South America,,4.707320213,,
Barbados,2017,,,BRB,South America,,4.366380215,,
Barbados,2018,4.476086875,15988.77016,BRB,South America,,5.428860188,1164.544556,11.4
Barbados,2019,4.448770451,16153.97126,BRB,South America,,3.203989983,1143.322021,
Barbados,2020,3.826772299,14045.77283,BRB,South America,,3.05817008,,
Barbados,2021,3.880347111,14816.86286,BRB,South America,,12.90362473,,10.41300011
Barbados,2022,,,BRB,South America,,,,
Belarus,2014,,,BLR,Europe,,4.818309784,,
Belarus,2015,,,BLR,Europe,,4.787519932,1085,
Belarus,2016,,,BLR,Europe,,4.946549892,,
Belarus,2017,,,BLR,Europe,,4.794990063,,
Belarus,2018,179.098112,19428.00746,BLR,Europe,,5.381110191,351.0068054,0.5
Belarus,2019,181.6054855,20092.88037,BLR,Europe,0.012,4.97947979,399.3970947,
Belarus,2020,179.9710362,20237.55113,BLR,Europe,,4.952449799,,
Belarus,2021,184.4824464,21698.57409,BLR,Europe,0.011558057,4.95,,4.736000061
Belarus,2022,,,BLR,Europe,,,,
Belgium,2014,,,BEL,Europe,,6.590469837,,
Belgium,2015,,,BEL,Europe,,6.451570034,4782,
Belgium,2016,,,BEL,Europe,,6.461730003,,
Belgium,2017,,,BEL,Europe,,6.425340176,,
Belgium,2018,584.3688871,52535.23222,BEL,Europe,,6.381370068,5134.414551,8.3
Belgium,2019,596.7080211,54278.38945,BEL,Europe,0.009,,4960.393555,
Belgium,2020,562.8106277,53070.21482,BEL,Europe,,,,
Belgium,2021,597.9565865,58930.93633,BEL,Europe,0.010818078,6.38,,6.420000076
Belgium,2022,,,BEL,Europe,,,,
Belize,2014,,,BLZ,South America,,6.614689827,,
Belize,2015,,,BLZ,South America,,6.870150089,524,
Belize,2016,,,BLZ,South America,,7.29365015,,
Belize,2017,,,BLZ,South America,,7.45028019,,
Belize,2018,2.738240647,7318.897839,BLZ,South America,,7.472270012,285.9703369,11
Belize,2019,2.792046974,7454.532388,BLZ,South America,0.012,7.138390064,293.4125977,
Belize,2020,2.32437549,6165.849669,BLZ,South America,,7.528777599,,
Belize,2021,2.551075626,6921.450076,BLZ,South America,0.012535839,17.41701408,,8.218999863
Belize,2022,,,BLZ,South America,,,,
Benin,2014,,,BEN,Africa,,3.161789894,,
Benin,2015,,,BEN,Africa,,3.17298007,84,
Benin,2016,,,BEN,Africa,,2.899100065,,
Benin,2017,,,BEN,Africa,,3.535589933,,
Benin,2018,36.30167662,3236.292065,BEN,Africa,,2.931619883,31.07242012,1
Benin,2019,38.79403624,3426.049089,BEN,Africa,0.007,2.965199947,29.12529182,
Benin,2020,40.28713816,3505.138455,BEN,Africa,,3.003662109,,
Benin,2021,42.94608968,3789.273347,BEN,Africa,0.005606214,3,,1.574000001
Benin,2022,,,BEN,Africa,,,,
Bhutan,2014,,,BTN,Asia & Pacific,,6.04489994,,
Bhutan,2015,,,BTN,Asia & Pacific,,7.590099812,287,
Bhutan,2016,,,BTN,Asia & Pacific,,6.993330002,,
Bhutan,2017,,,BTN,Asia & Pacific,,7.225739956,,
Bhutan,2018,8.561219215,11619.55747,BTN,Asia & Pacific,,6.850840092,102.7385178,2.4
Bhutan,2019,9.053931934,12365.51384,BTN,Asia & Pacific,,5.675891876,115.9807587,
Bhutan,2020,8.141626865,11129.30845,BTN,Asia & Pacific,,,,
Bhutan,2021,,,BTN,Asia & Pacific,,5.68,,4.331999779
Bhutan,2022,,,BTN,Asia & Pacific,,,,
Bolivia,2014,,,BOL,South America,,8.260000229,,
Bolivia,2015,,,BOL,South America,,8.93999958,446,
Bolivia,2016,,,BOL,South America,,8.850000381,,
Bolivia,2017,,,BOL,South America,,8.659999847,,
Bolivia,2018,98.26746087,8862.313088,BOL,South America,,8.899999619,235.700882,3.7
Bolivia,2019,100.4457612,9092.687044,BOL,South America,0.014,,245.9234772,
Bolivia,2020,91.66892676,8283.131195,BOL,South America,,,,
Bolivia,2021,97.26605194,9030.387681,BOL,South America,0.015444583,8.9,,8.508999825
Bolivia,2022,,,BOL,South America,,,,
Bosnia and Herzegovina,2014,,,BIH,Europe,,,,
Bosnia and Herzegovina,2015,,,BIH,Europe,,,1102,
Bosnia and Herzegovina,2016,,,BIH,Europe,,,,
Bosnia and Herzegovina,2017,,,BIH,Europe,,,,
Bosnia and Herzegovina,2018,47.82049656,14918.48516,BIH,Europe,,,539.9100342,25.8
Bosnia and Herzegovina,2019,49.17429549,15711.2377,BIH,Europe,0.009,,553.822937,
Bosnia and Herzegovina,2020,47.64040637,15598.43034,BIH,Europe,,,,
Bosnia and Herzegovina,2021,51.02394181,16846.45586,BIH,Europe,0.008949383,,,15.21500015
Bosnia and Herzegovina,2022,,,BIH,Europe,,,,
Botswana,2014,,,BWA,Africa,,,,
Botswana,2015,,,BWA,Africa,,7.806508541,970,
Botswana,2016,,,BWA,Africa,,7.974824905,,
Botswana,2017,,,BWA,Africa,,7.299754143,,
Botswana,2018,36.56639329,16609.96253,BWA,Africa,,6.721307278,494.1954651,18.4
Botswana,2019,37.79096894,17096.78778,BWA,Africa,0.028,6.914368629,481.5330505,
Botswana,2020,34.49317392,15471.09481,BWA,Africa,,8.739999771,,
Botswana,2021,38.41302524,17603.72675,BWA,Africa,0.028596404,8.74,,24.72200012
Botswana,2022,,,BWA,Africa,,,,
Brazil,2014,,,BRA,South America,,5.948480129,,
Brazil,2015,,,BRA,South America,,6.24105978,1392,
Brazil,2016,,,BRA,South America,,6.314040184,,
Brazil,2017,,,BRA,South America,,6.32047987,,
Brazil,2018,3072.549644,15018.6824,BRA,South America,,6.088510036,866.1553955,11.5
Brazil,2019,3110.058649,15358.08949,BRA,South America,0.015,,853.3879395,
Brazil,2020,2989.42954,14834.1937,BRA,South America,,,,
Brazil,2021,3127.523895,16056.01617,BRA,South America,0.011908098,6.09,,14.40299988
Brazil,2022,,,BRA,South America,,,,
Brunei,2014,,,BRN,Asia & Pacific,,3.353189945,,
Brunei,2015,,,BRN,Asia & Pacific,,,2083,
Brunei,2016,,,BRN,Asia & Pacific,,4.425409794,,
Brunei,2017,,,BRN,Asia & Pacific,,,,
Brunei,2018,25.90454465,61831.88885,BRN,Asia & Pacific,,,763.1456909,2
Brunei,2019,26.90681994,64718.8325,BRN,Asia & Pacific,0.033,,671.5626831,
Brunei,2020,27.21182848,65607.35075,BRN,Asia & Pacific,,,,
Brunei,2021,26.77493029,66619.87094,BRN,Asia & Pacific,0.032622296,,,7.649000168
Brunei,2022,,,BRN,Asia & Pacific,,,,
Bulgaria,2014,,,BGR,Europe,,,,
Bulgaria,2015,,,BGR,Europe,,1492,,
Bulgaria,2016,,,BGR,Europe,,,,
Bulgaria,2017,,,BGR,Europe,4.075270176,,,
Bulgaria,2018,155.9986094,23016.09064,BGR,Europe,,689.9053955,8,
Bulgaria,2019,162.2971969,24497.62727,BGR,Europe,,697.8963623,,
Bulgaria,2020,155.1769757,24564.43768,BGR,Europe,,,,
Bulgaria,2021,161.6600735,26705.43886,BGR,Europe,,,5.423999786,
Bulgaria,2022,,,BGR,Europe,,,,
Burkina Faso,2014,,,BFA,Africa,4.053299904,,,
Burkina Faso,2015,,,BFA,Africa,3.67008996,96,,
Burkina Faso,2016,,,BFA,Africa,,,,
Burkina Faso,2017,,,BFA,Africa,5.628469944,,,
Burkina Faso,2018,41.82992927,2168.408706,BFA,Africa,5.488609791,40.26911545,3,
Burkina Faso,2019,44.20926381,2267.320963,BFA,Africa,5.696845055,42.3445282,,
Burkina Faso,2020,45.06264623,2273.831365,BFA,Africa,5.519075871,,,
Burkina Faso,2021,48.17482655,2461.942845,BFA,Africa,5.52,,4.757999897,
Burkina Faso,2022,,,BFA,Africa,,,,
Burundi,2014,,,BDI,Africa,6.784520149,,,
Burundi,2015,,,BDI,Africa,6.370540142,64,,
Burundi,2016,,,BDI,Africa,4.691999912,,,
Burundi,2017,,,BDI,Africa,4.762020111,,,
Burundi,2018,8.510320913,779.7170375,BDI,Africa,5.078649998,22.40539742,1.6,
Burundi,2019,8.664576039,783.1577656,BDI,Africa,5.346684456,20.56754112,,
Burundi,2020,8.692922797,771.1012372,BDI,Africa,5.040983677,,,
Burundi,2021,8.848986839,793.2364344,BDI,Africa,5.04,,1.792000055,
Burundi,2022,,,BDI,Africa,,,,
Cabo Verde,2014,,,CPV,Africa,4.963870049,,,
Cabo Verde,2015,,,CPV,Africa,5.266910076,310,,
Cabo Verde,2016,,,CPV,Africa,5.288790226,,,
Cabo Verde,2017,,,CPV,Africa,5.181749821,,,
Cabo Verde,2018,3.732496854,7028.171433,CPV,Africa,5.368846893,190.4555969,10.5,
Cabo Verde,2019,3.944045537,7474.510419,CPV,Africa,4.733459949,177.8902741,,
Cabo Verde,2020,3.360981311,6376.122279,CPV,Africa,7.584794998,,,
Cabo Verde,2021,3.594651813,7028.046846,CPV,Africa,7.58,,,
Cabo Verde,2022,,,CPV,Africa,,,,
Cambodia,2014,,,KHM,Asia & Pacific,1.909389973,,,
Cambodia,2015,,,KHM,Asia & Pacific,2.599999905,210,,
Cambodia,2016,,,KHM,Asia & Pacific,2.799999952,,,
Cambodia,2017,,,KHM,Asia & Pacific,3.200000048,,,
Cambodia,2018,67.58839299,4258.705237,KHM,Asia & Pacific,2.162859917,92.90358734,0.3,
Cambodia,2019,72.35615051,4574.028452,KHM,Asia & Pacific,,113.3104401,,
Cambodia,2020,70.11599922,4423.474631,KHM,Asia & Pacific,,,,
Cambodia,2021,72.23798236,4683.004749,KHM,Asia & Pacific,2.16,,15.42300034,
Cambodia,2022,,,KHM,Asia & Pacific,,,,
Cameroon,2014,,,CMR,Africa,2.583960056,,,
Cameroon,2015,,,CMR,Africa,2.657919884,163,,
Cameroon,2016,,,CMR,Africa,2.562340021,,,
Cameroon,2017,,,CMR,Africa,3.059629917,,,
Cameroon,2018,93.59898947,3800.52695,CMR,Africa,3.030960083,53.17176819,4.5,
Cameroon,2019,96.85161049,3900.822515,CMR,Africa,3.080876589,53.99584961,,
Cameroon,2020,97.32803784,3867.203808,CMR,Africa,3.166161299,,,
Cameroon,2021,100.7214765,4064.466895,CMR,Africa,3.17,,0.611999989,
Cameroon,2022,,,CMR,Africa,,,,
Canada,2014,,,CAN,North America,,,,
Canada,2015,,,CAN,North America,,4600,,
Canada,2016,,,CAN,North America,,,,
Canada,2017,,,CAN,North America,,,,
Canada,2018,1814.79849,49992.76228,CAN,North America,,5018.711426,7.1,
Canada,2019,1848.909298,49299.21177,CAN,North America,,5048.372559,,
Canada,2020,1752.155425,46572.13743,CAN,North America,,,,
Canada,2021,1832.104417,52085.03569,CAN,North America,,,3.86500001,
Canada,2022,,,CAN,North America,,,,
Central African Republic,2014,,,CAF,Africa,2.220153332,,,
Central African Republic,2015,,,CAF,Africa,1.91022861,32,,
Central African Republic,2016,,,CAF,Africa,1.754088998,,,
Central African Republic,2017,,,CAF,Africa,1.753650188,,,
Central African Republic,2018,4.354240946,955.402049,CAF,Africa,1.565876007,53.6903801,6.9,
Central African Republic,2019,4.489222415,985.9877166,CAF,Africa,1.768712282,37.19958115,,
Central African Republic,2020,4.529625417,989.2187437,CAF,Africa,2.166697025,,,
Central African Republic,2021,4.570392046,1020.533165,CAF,Africa,2.17,,7.510000229,
Central African Republic,2022,,,CAF,Africa,,,,
Chad,2014,,,TCD,Africa,2.599999905,,,
Chad,2015,,,TCD,Africa,2.400000095,100,,
Chad,2016,,,TCD,Africa,2.299999952,,,
Chad,2017,,,TCD,Africa,2.454819918,,,
Chad,2018,24.39786788,1613.979598,TCD,Africa,2.25948,29.69879913,5.8,
Chad,2019,25.19011103,1646.293573,TCD,Africa,2.372459888,29.85083008,,
Chad,2020,24.78706756,1591.669953,TCD,Africa,2.908510447,,,
Chad,2021,24.4896251,1590.55299,TCD,Africa,2.91,,1.881999969,
Chad,2022,,,TCD,Africa,,,,
Chile,2014,,,CHL,South America,4.730949879,,,
Chile,2015,,,CHL,South America,4.875309944,1903,,
Chile,2016,,,CHL,South America,5.342010021,,,
Chile,2017,,,CHL,South America,5.419660091,,,
Chile,2018,468.8825687,25526.70552,CHL,South America,5.433169842,1455.116699,6.6,
Chile,2019,472.4954945,25322.71106,CHL,South America,,1375.802979,,
Chile,2020,444.2486551,25089.0313,CHL,South America,,,,
Chile,2021,496.0845864,29104.05809,CHL,South America,5.433169842,,9.128000259,
Chile,2022,,,CHL,South America,,,,
China,2014,,,CHN,Asia & Pacific,3.726639986,,,
China,2015,,,CHN,Asia & Pacific,3.82487011,762,,
China,2016,,,CHN,Asia & Pacific,3.79362011,,,
China,2017,,,CHN,Asia & Pacific,3.667449951,,,
China,2018,21229.36369,15495.54842,CHN,Asia & Pacific,3.542490005,501.0593872,4.6,
China,2019,22492.61714,16652.0988,CHN,Asia & Pacific,3.539999962,535.1333618,,
China,2020,22996.3847,17189.28179,CHN,Asia & Pacific,3.569999933,,,
China,2021,24861.3438,19338.23408,CHN,Asia & Pacific,3.57,,4.816999912,
China,2022,,,CHN,Asia & Pacific,,,,
Colombia,2014,,,COL,South America,4.629459858,,,
Colombia,2015,,,COL,South America,4.470389843,853,,
Colombia,2016,,,COL,South America,4.477210045,,,
Colombia,2017,,,COL,South America,4.535510063,,,
Colombia,2018,710.8908444,15044.05534,COL,South America,4.449100018,513.1586914,9.9,
Colombia,2019,733.5459076,15673.09435,COL,South America,4.506219864,495.3297119,,
Colombia,2020,681.8444829,14868.46982,COL,South America,4.933100224,,,
Colombia,2021,753.8697113,16893.81718,COL,South America,4.93,,14.33600044,
Colombia,2022,,,COL,South America,,,,
Comoros,2014,,,COM,Africa,2.744729996,,,
Comoros,2015,,,COM,Africa,2.545059919,121,,
Comoros,2016,,,COM,Africa,,,,
Comoros,2017,,,COM,Africa,,,,
Comoros,2018,2.557820893,3146.531646,COM,Africa,,69.41635895,20,
Comoros,2019,2.60285864,3188.083106,COM,Africa,,72.32379913,,
Comoros,2020,2.595230973,3147.856597,COM,Africa,,,,
Comoros,2021,2.656161898,3284.401492,COM,Africa,,,9.44699955,
Comoros,2022,,,COM,Africa,,,,
Congo (Dem. Rep.),2014,,,COD,Africa,1.951429963,,,
Congo (Dem. Rep.),2015,,,COD,Africa,2.170439959,34,,
Congo (Dem. Rep.),2016,,,COD,Africa,2.118690014,,,
Congo (Dem. Rep.),2017,,,COD,Africa,1.454949975,,,
Congo (Dem. Rep.),2018,91.28901044,1111.835806,COD,Africa,,18.52062225,3.6,
Congo (Dem. Rep.),2019,95.29160347,1144.287321,COD,Africa,,20.57073212,,
Congo (Dem. Rep.),2020,96.94531565,1141.726007,COD,Africa,2.450000048,,,
Congo (Dem. Rep.),2021,102.4830295,1218.768128,COD,Africa,5.400000048,,5.426000118,
Congo (Dem. Rep.),2022,,,COD,Africa,,,,
Congo (Rep.),2014,,,COG,Africa,3.183710098,,,
Congo (Rep.),2015,,,COG,Africa,3.282579899,203,,
Congo (Rep.),2016,,,COG,Africa,5.239999771,,,
Congo (Rep.),2017,,,COG,Africa,4.450520039,,,
Congo (Rep.),2018,20.60210245,4022.278572,COG,Africa,2.995480061,49.46409988,11.2,
Congo (Rep.),2019,20.58420211,3987.163642,COG,Africa,3.575389862,48.55877304,,
Congo (Rep.),2020,19.29988795,3689.111729,COG,Africa,4.448618889,,,
Congo (Rep.),2021,18.62439187,3616.864508,COG,Africa,4.45,,23.01099968,
Congo (Rep.),2022,,,COG,Africa,,,,
Costa Rica,2014,,,CRI,South America,6.67952013,,,
Costa Rica,2015,,,CRI,South America,6.87349987,1286,,
Costa Rica,2016,,,CRI,South America,6.893959999,,,
Costa Rica,2017,,,CRI,South America,7.069809914,,,
Costa Rica,2018,103.3515645,21319.04399,CRI,South America,6.769919872,909.6730957,9,
Costa Rica,2019,105.8501008,22632.44207,CRI,South America,6.7958498,921.5857544,,
Costa Rica,2020,101.5622104,22243.80196,CRI,South America,6.710669994,,,
Costa Rica,2021,109.2601845,23387.13223,CRI,South America,6.71,,17.95400047,
Costa Rica,2022,,,CRI,South America,,,,
Cote d'Ivoire,2014,,,CIV,Africa,3.314169884,,,
Cote d'Ivoire,2015,,,CIV,Africa,3.494159937,190,,
Cote d'Ivoire,2016,,,CIV,Africa,3.97232008,,,
Cote d'Ivoire,2017,,,CIV,Africa,3.80347991,,,
Cote d'Ivoire,2018,126.1854183,5153.729184,CIV,Africa,3.239939928,72.17318726,9.3,
Cote d'Ivoire,2019,134.048927,5432.547727,CIV,Africa,3.71638155,75.08779144,,
Cote d'Ivoire,2020,136.6740506,5465.068781,CIV,Africa,3.443016052,,,
Cote d'Ivoire,2021,146.2706216,5939.764136,CIV,Africa,3.44,,3.467999935,
Cote d'Ivoire,2022,,,CIV,Africa,,,,
Croatia,2014,,,HRV,Europe,,,,
Croatia,2015,,,HRV,Europe,,1656,,
Croatia,2016,,,HRV,Europe,,,,
Croatia,2017,,,HRV,Europe,3.854759932,,,
Croatia,2018,115.2458129,28877.23828,HRV,Europe,3.907550097,1014.222351,13.5,
Croatia,2019,119.2586094,30543.93375,HRV,Europe,,1040.085693,,
Croatia,2020,109.5989468,28780.31674,HRV,Europe,,,,
Croatia,2021,121.0508009,33800.55148,HRV,Europe,,,8.682999611,
Croatia,2022,,,HRV,Europe,,,,
Cuba,2014,,,CUB,South America,,,,
Cuba,2015,,,CUB,South America,,,,
Cuba,2016,,,CUB,South America,,,,
Cuba,2017,,,CUB,South America,,,,
Cuba,2018,,,CUB,South America,,986.9373169,2.9,
Cuba,2019,,,CUB,South America,,1031.921753,,
Cuba,2020,,,CUB,South America,,,,
Cuba,2021,,,CUB,South America,,,2.756000042,
Cuba,2022,,,CUB,South America,,,,
Cyprus,2014,,,CYP,Europe,6.440499783,,,
Cyprus,2015,,,CYP,Europe,6.326129913,2137,,
Cyprus,2016,,,CYP,Europe,6.145410061,,,
Cyprus,2017,,,CYP,Europe,5.718530178,,,
Cyprus,2018,34.78270777,40559.125,CYP,Europe,,1981.778442,11.7,
Cyprus,2019,36.62034341,42338.87891,CYP,Europe,,1996.458252,,
Cyprus,2020,34.79507832,39593.42578,CYP,Europe,,,,
Cyprus,2021,36.71322151,42556.10938,CYP,Europe,,,6.130000114,
Cyprus,2022,,,CYP,Europe,,,,
Czech Republic,2014,,,CZE,Europe,3.965229988,,,
Czech Republic,2015,,,CZE,Europe,5.751820087,2470,,
Czech Republic,2016,,,CZE,Europe,5.553730011,,,
Czech Republic,2017,,,CZE,Europe,3.806159973,,,
Czech Republic,2018,424.4848318,41135.49298,CZE,Europe,4.26692009,1765.588623,4,
Czech Republic,2019,437.3445075,42847.00474,CZE,Europe,,1844.217773,,
Czech Republic,2020,411.988087,41608.02535,CZE,Europe,,,,
Czech Republic,2021,425.7594192,44260.85647,CZE,Europe,4.26692009,,2.887000084,
Czech Republic,2022,,,CZE,Europe,,,,
Denmark,2014,,,DNK,Europe,7.634850025,,,
Denmark,2015,,,DNK,Europe,,5083,,
Denmark,2016,,,DNK,Europe,,,,
Denmark,2017,,,DNK,Europe,7.752439976,,,
Denmark,2018,325.4793711,57482.9624,DNK,Europe,6.792779922,6216.768555,6.1,
Denmark,2019,332.3621669,58700.97467,DNK,Europe,,6003.325195,,
Denmark,2020,325.5084437,60229.91477,DNK,Europe,,,,
Denmark,2021,340.7859645,64651.21645,DNK,Europe,6.792779922,,4.797999859,
Denmark,2022,,,DNK,Europe,,,,
Djibouti,2014,,,DJI,Africa,,,,
Djibouti,2015,,,DJI,Africa,3.590240002,147,,
Djibouti,2016,,,DJI,Africa,3.924390078,,,
Djibouti,2017,,,DJI,Africa,3.748559952,,,
Djibouti,2018,4.851881588,5180.596948,DJI,Africa,3.627739906,71.08630371,6.6,
Djibouti,2019,5.120924758,5482.012136,DJI,Africa,,61.80943298,,
Djibouti,2020,5.182479402,5532.682123,DJI,Africa,,,,
Djibouti,2021,5.405826719,5925.795296,DJI,Africa,3.627739906,,28.38599968,
Djibouti,2022,,,DJI,Africa,,,,
Dominican Republic,2014,,,DOM,South America,3.963769913,,,
Dominican Republic,2015,,,DOM,South America,3.816240072,873,,
Dominican Republic,2016,,,DOM,South America,3.850500107,,,
Dominican Republic,2017,,,DOM,South America,3.920269966,,,
Dominican Republic,2018,188.2258548,18134.93226,DOM,South America,3.928489923,461.5351563,14.4,
Dominican Republic,2019,197.7353412,19190.00888,DOM,South America,4.042769909,491.0593567,,
Dominican Republic,2020,184.447053,17934.19325,DOM,South America,4.618702412,,,
Dominican Republic,2021,207.0823773,20769.18082,DOM,South America,4.618702412,,8.49600029,
Dominican Republic,2022,,,DOM,South America,,,,
Ecuador,2014,,,ECU,South America,5.260990143,,,
Ecuador,2015,,,ECU,South America,4.998700142,980,,
Ecuador,2016,,,ECU,South America,4.362750053,,,
Ecuador,2017,,,ECU,South America,4.614260197,,,
Ecuador,2018,197.525051,11837.95927,ECU,South America,4.621459961,495.1695862,5.4,
Ecuador,2019,197.5489616,11850.49495,ECU,South America,4.225659847,486.492157,,
Ecuador,2020,182.1646247,10890.45664,ECU,South America,4.134130001,,,
Ecuador,2021,189.8797542,11661.19317,ECU,South America,4.134130001,,6.427000046,
Ecuador,2022,,,ECU,South America,,,,
Egypt,2014,,,EGY,Middle East,4.25138998,,,
Egypt,2015,,,EGY,Middle East,3.930850029,495,,
Egypt,2016,,,EGY,Middle East,4.050000191,,,
Egypt,2017,,,EGY,Middle East,,,,
Egypt,2018,1118.715683,11637.87851,EGY,Middle East,,125.545372,12,
Egypt,2019,1180.890365,12259.71657,EGY,Middle East,2.609999895,149.8403168,,
Egypt,2020,1223.044248,12605.97574,EGY,Middle East,2.480000019,,,
Egypt,2021,1263.731775,13316.24499,EGY,Middle East,2.480000019,,9.329000473,
Egypt,2022,,,EGY,Middle East,,,,
El Salvador,2014,,,SLV,South America,3.824160099,,,
El Salvador,2015,,,SLV,South America,3.909879923,578,,
El Salvador,2016,,,SLV,South America,3.825239897,,,
El Salvador,2017,,,SLV,South America,3.725229979,,,
El Salvador,2018,55.31910343,8821.519457,SLV,South America,3.605750084,288.5174561,6.3,
El Salvador,2019,56.6371261,9146.512043,SLV,South America,3.385159969,300.0532837,,
El Salvador,2020,51.77691751,8419.799438,SLV,South America,,,,
El Salvador,2021,57.36927434,9668.727256,SLV,South America,3.385159969,,5.940000057,
El Salvador,2022,,,SLV,South America,,,,
Equatorial Guinea,2014,,,GNQ,Africa,,,,
Equatorial Guinea,2015,,,GNQ,Africa,,790,,
Equatorial Guinea,2016,,,GNQ,Africa,,,,
Equatorial Guinea,2017,,,GNQ,Africa,,,,
Equatorial Guinea,2018,26.68459903,20873.03796,GNQ,Africa,,310.5848694,7.3,
Equatorial Guinea,2019,25.22179644,19385.41369,GNQ,Africa,,254.891098,,
Equatorial Guinea,2020,24.15201945,18157.51367,GNQ,Africa,,,,
Equatorial Guinea,2021,23.92368822,18127.18648,GNQ,Africa,,,9.244999886,
Equatorial Guinea,2022,,,GNQ,Africa,,,,
Eritrea,2014,,,ERI,Africa,,,,
Eritrea,2015,,,ERI,Africa,,56,,
Eritrea,2016,,,ERI,Africa,,,,
Eritrea,2017,,,ERI,Africa,,,,
Eritrea,2018,,,ERI,Africa,,23.97976303,7.3,
Eritrea,2019,,,ERI,Africa,,25.2679348,,
Eritrea,2020,,,ERI,Africa,,,,
Eritrea,2021,,,ERI,Africa,,,8.046999931,
Eritrea,2022,,,ERI,Africa,,,,
Estonia,2014,,,EST,Europe,4.394330025,,,
Estonia,2015,,,EST,Europe,5.144189835,1887,,
Estonia,2016,,,EST,Europe,5.15763998,,,
Estonia,2017,,,EST,Europe,4.961319923,,,
Estonia,2018,46.39835758,36249.35815,EST,Europe,5.26320982,1552.632446,6.9,
Estonia,2019,48.29899328,37851.30077,EST,Europe,,1598.818848,,
Estonia,2020,46.87365651,37645.22136,EST,Europe,,,,
Estonia,2021,50.78735072,42191.5144,EST,Europe,5.26320982,,6.330999851,
Estonia,2022,,,EST,Europe,,,,
Eswatini,2014,,,SWZ,Africa,7.070590019,,,
Eswatini,2015,,,SWZ,Africa,5.355750084,,,
Eswatini,2016,,,SWZ,Africa,5.414669991,,,
Eswatini,2017,,,SWZ,Africa,6.138090134,,,
Eswatini,2018,9.68279316,8725.110443,SWZ,Africa,5.679160118,298.118927,25.3,
Eswatini,2019,9.934706117,9018.115773,SWZ,Africa,5.645549774,264.0551453,,
Eswatini,2020,9.750861926,8865.017138,SWZ,Africa,5.342339993,,,
Eswatini,2021,10.47497383,9815.812257,SWZ,Africa,9.990595818,,25.75600052,
Eswatini,2022,,,SWZ,Africa,,,,
Ethiopia,2014,,,ETH,Africa,4.602019787,,,
Ethiopia,2015,,,ETH,Africa,4.737919807,66,,
Ethiopia,2016,,,ETH,Africa,5.061510086,,,
Ethiopia,2017,,,ETH,Africa,5.64951992,,,
Ethiopia,2018,229.7552786,2153.769081,ETH,Africa,5.06867981,24.29408836,5.7,
Ethiopia,2019,248.972207,2315.158138,ETH,Africa,,26.74220467,,
Ethiopia,2020,264.0587547,2422.681026,ETH,Africa,,,,
Ethiopia,2021,278.9445469,2599.736165,ETH,Africa,5.06867981,,3.694000006,
Ethiopia,2022,,,ETH,Africa,,,,
Fiji,2014,,,FJI,Asia & Pacific,4.268219948,,,
Fiji,2015,,,FJI,Asia & Pacific,4.809319973,331,,
Fiji,2016,,,FJI,Asia & Pacific,4.83589983,,,
Fiji,2017,,,FJI,Asia & Pacific,4.651189804,,,
Fiji,2018,12.23290917,14176.90602,FJI,Asia & Pacific,4.835710049,216.0964203,7.9,
Fiji,2019,12.17840381,14261.83161,FJI,Asia & Pacific,5.067880154,235.6750183,,
Fiji,2020,10.33327618,12158.24331,FJI,Asia & Pacific,,,,
Fiji,2021,9.911531269,12059.77503,FJI,Asia & Pacific,5.067880154,,5.238999844,
Fiji,2022,,,FJI,Asia & Pacific,,,,
Finland,2014,,,FIN,Europe,7.102369785,,,
Finland,2015,,,FIN,Europe,7.032080173,3669,,
Finland,2016,,,FIN,Europe,6.851530075,,,
Finland,2017,,,FIN,Europe,6.363110065,,,
Finland,2018,265.0186806,49580.6052,FIN,Europe,6.275420189,4515.677246,9,
Finland,2019,268.2539071,50321.53969,FIN,Europe,,4450.302734,,
Finland,2020,262.0860628,50937.16075,FIN,Europe,,,,
Finland,2021,271.1923668,55006.64531,FIN,Europe,6.275420189,,7.525000095,
Finland,2022,,,FIN,Europe,,,,
France,2014,,,FRA,Europe,,,,
France,2015,,,FRA,Europe,,4542,,
France,2016,,,FRA,Europe,,,,
France,2017,,,FRA,Europe,5.451600075,,,
France,2018,3038.643986,46576.60185,FRA,Europe,5.407169819,4657.75293,10,
France,2019,3094.645338,49072.36383,FRA,Europe,,4491.735352,,
France,2020,2851.553023,46991.18203,FRA,Europe,,,,
France,2021,3050.122936,50728.66743,FRA,Europe,5.407169819,,8.062999725,
France,2022,,,FRA,Europe,,,,
Gabon,2014,,,GAB,Africa,2.666670084,,,
Gabon,2015,,,GAB,Africa,2.991663933,481,,
Gabon,2016,,,GAB,Africa,2.662058353,,,
Gabon,2017,,,GAB,Africa,3.32681179,,,
Gabon,2018,31.24595109,15095.9268,GAB,Africa,2.933458805,218.4752808,18.5,
Gabon,2019,32.47104509,15576.64316,GAB,Africa,2.732324123,215.0191498,,
Gabon,2020,31.87430491,15105.13431,GAB,Africa,3.181609392,,,
Gabon,2021,32.35412776,15597.52108,GAB,Africa,3.181609392,,22.26499939,
Gabon,2022,,,GAB,Africa,,,,
"Gambia, The",2014,,,GMB,Africa,2.230940104,,,
"Gambia, The",2015,,,GMB,Africa,2.160029888,,,
"Gambia, The",2016,,,GMB,Africa,2.024430037,,,
"Gambia, The",2017,,,GMB,Africa,2.459194422,,,
"Gambia, The",2018,4.920615376,2209.634266,GMB,Africa,2.365439892,35.81452942,29.7,
"Gambia, The",2019,5.22677868,2320.305837,GMB,Africa,2.788928032,29.72580338,,
"Gambia, The",2020,5.216229843,2276.650708,GMB,Africa,2.763717175,,,
"Gambia, The",2021,5.509720971,2433.898396,GMB,Africa,2.763717175,,11.21199989,
"Gambia, The",2022,,,GMB,Africa,,,,
Georgia,2014,,,GEO,Europe,2.997679949,,,
Georgia,2015,,,GEO,Europe,3.164870024,718,,
Georgia,2016,,,GEO,Europe,3.593869925,,,
Georgia,2017,,,GEO,Europe,3.574429989,,,
Georgia,2018,53.116027,14593.92448,GEO,Europe,3.52105999,312.7469177,11.6,
Georgia,2019,55.76245363,15621.87366,GEO,Europe,3.808640003,291.1220398,,
Georgia,2020,51.99266651,14731.20059,GEO,Europe,3.850080013,,,
Georgia,2021,57.37855702,16997.14894,GEO,Europe,3.850080013,,10.6590004,
Georgia,2022,,,GEO,Europe,,,,
Germany,2014,,,DEU,Europe,4.921020031,,,
Germany,2015,,,DEU,Europe,4.855150223,5357,,
Germany,2016,,,DEU,Europe,4.839230061,,,
Germany,2017,,,DEU,Europe,4.871829987,,,
Germany,2018,4434.368344,55235.3663,DEU,Europe,4.975769997,5481.987305,4.3,
Germany,2019,4481.173468,55652.88749,DEU,Europe,,5440.251465,,
Germany,2020,4276.401016,54844.54597,DEU,Europe,,,,
Germany,2021,4400.100296,57927.59007,DEU,Europe,4.975769997,,3.535000086,
Germany,2022,,,DEU,Europe,,,,
Ghana,2014,,,GHA,Africa,4.39978981,,,
Ghana,2015,,,GHA,Africa,4.434050083,249,,
Ghana,2016,,,GHA,Africa,4.394529819,,,
Ghana,2017,,,GHA,Africa,3.533629894,,,
Ghana,2018,158.219737,5442.2359,GHA,Africa,3.886130095,76.83074188,5.8,
Ghana,2019,168.5163212,5773.860982,GHA,Africa,,75.28166199,,
Ghana,2020,169.3823968,5749.655385,GHA,Africa,,,,
Ghana,2021,178.4553274,6178.285065,GHA,Africa,3.886130095,,4.703999996,
Ghana,2022,,,GHA,Africa,,,,
Greece,2014,,,GRC,Europe,,,,
Greece,2015,,,GRC,Europe,3.661390066,2204,,
Greece,2016,,,GRC,Europe,,,,
Greece,2017,,,GRC,Europe,3.477089882,,,
Greece,2018,312.768786,29617.54834,GRC,Europe,3.597340107,1572.684204,23.9,
Greece,2019,318.409869,30356.2664,GRC,Europe,,1500.594971,,
Greece,2020,289.6920719,27948.64973,GRC,Europe,,,,
Greece,2021,313.8410985,31295.14533,GRC,Europe,3.597340107,,14.79500008,
Greece,2022,,,GRC,Europe,,,,
Guatemala,2014,,,GTM,South America,2.985620022,,,
Guatemala,2015,,,GTM,South America,3.030329943,444,,
Guatemala,2016,,,GTM,South America,2.944740057,,,
Guatemala,2017,,,GTM,South America,2.950099945,,,
Guatemala,2018,138.3307043,8664.33432,GTM,South America,3.137049913,259.6201782,2.4,
Guatemala,2019,143.6797543,9018.51752,GTM,South America,3.199280024,271.0212708,,
Guatemala,2020,141.4967846,8852.947743,GTM,South America,3.299720049,,,
Guatemala,2021,152.1481373,9769.238227,GTM,South America,3.299720049,,3.572000027,
Guatemala,2022,,,GTM,South America,,,,
Guinea,2014,,,GIN,Africa,2.422810078,,,
Guinea,2015,,,GIN,Africa,2.517139912,57,,
Guinea,2016,,,GIN,Africa,2.544500113,,,
Guinea,2017,,,GIN,Africa,2.320339918,,,
Guinea,2018,31.03209592,2559.425545,GIN,Africa,2.384320021,35.70616531,6.8,
Guinea,2019,32.77514221,2674.633599,GIN,Africa,1.848369956,43.03782272,,
Guinea,2020,34.29501651,2754.418384,GIN,Africa,2.199470043,,,
Guinea,2021,35.36612876,2878.593051,GIN,Africa,2.199470043,,6.342000008,
Guinea,2022,,,GIN,Africa,,,,
Guinea-Bissau,2014,,,GNB,Africa,2.200000048,,,
Guinea-Bissau,2015,,,GNB,Africa,2.299999952,100,,
Guinea-Bissau,2016,,,GNB,Africa,2.299999952,,,
Guinea-Bissau,2017,,,GNB,Africa,2.200000048,,,
Guinea-Bissau,2018,3.564798265,1947.369095,GNB,Africa,2.137870073,61.23582077,6.5,
Guinea-Bissau,2019,3.725214187,2021.136428,GNB,Africa,2.947819948,62.57557678,,
Guinea-Bissau,2020,3.635809047,1948.643401,GNB,Africa,2.708427668,,,
Guinea-Bissau,2021,3.773969879,2057.100002,GNB,Africa,2.708427668,,6.758999825,
Guinea-Bissau,2022,,,GNB,Africa,,,,
Guyana,2014,,,GUY,South America,4.360330105,,,
Guyana,2015,,,GUY,South America,3.895699978,336,,
Guyana,2016,,,GUY,South America,4.737750053,,,
Guyana,2017,,,GUY,South America,4.66478014,,,
Guyana,2018,9.72012266,12775.6714,GUY,South America,4.45058012,301.4482727,11.4,
Guyana,2019,10.24040461,13634.30959,GUY,South America,,325.8851624,,
Guyana,2020,14.69288706,19702.97442,GUY,South America,,,,
Guyana,2021,17.62077229,24493.71407,GUY,South America,4.45058012,,16.42499924,
Guyana,2022,,,GUY,South America,,,,
Haiti,2014,,,HTI,South America,1.753149986,,,
Haiti,2015,,,HTI,South America,1.857040048,120,,
Haiti,2016,,,HTI,South America,1.395859957,,,
Haiti,2017,,,HTI,South America,1.504230022,,,
Haiti,2018,35.20826561,3240.924375,HTI,South America,1.632069945,63.13831329,13.2,
Haiti,2019,34.6151489,3203.037737,HTI,South America,,56.99440002,,
Haiti,2020,33.45783549,3094.941621,HTI,South America,,,,
Haiti,2021,32.85618335,3127.415571,HTI,South America,1.632069945,,15.72599983,
Haiti,2022,,,HTI,South America,,,,
Honduras,2014,,,HND,South America,7.090119839,,,
Honduras,2015,,,HND,South America,6.412970066,353,,
Honduras,2016,,,HND,South America,5.159619808,,,
Honduras,2017,,,HND,South America,4.937019825,,,
Honduras,2018,54.4606098,5816.067372,HND,South America,6.056469917,180.889801,6.3,
Honduras,2019,55.90548586,5978.274828,HND,South America,4.912849903,187.5543366,,
Honduras,2020,50.89369312,5419.792164,HND,South America,6.438438892,,,
Honduras,2021,57.27275748,6252.569135,HND,South America,6.438438892,,8.512999535,
Honduras,2022,,,HND,South America,,,,
Hungary,2014,,,HUN,Europe,4.600399971,,,
Hungary,2015,,,HUN,Europe,4.494100094,1912,,
Hungary,2016,,,HUN,Europe,4.6145401,,,
Hungary,2017,,,HUN,Europe,4.614099979,,,
Hungary,2018,304.2318294,62513.95527,HUN,Europe,4.622829914,1074.017578,5.2,
Hungary,2019,318.0867388,62103.41335,HUN,Europe,,1062.394165,,
Hungary,2020,303.8898251,58980.01105,HUN,Europe,,,,
Hungary,2021,325.4557076,65972.55833,HUN,Europe,4.622829914,,4.116000175,
Hungary,2022,,,HUN,Europe,,,,
Iceland,2014,,,ISL,Europe,7.641409874,,,
Iceland,2015,,,ISL,Europe,7.457970142,4116,,
Iceland,2016,,,ISL,Europe,7.432199955,,,
Iceland,2017,,,ISL,Europe,7.583859921,,,
Iceland,2018,20.04097085,31913.07466,ISL,Europe,7.561709881,6565.879395,3.8,
Iceland,2019,20.52893302,33514.94179,ISL,Europe,,6274.959473,,
Iceland,2020,19.19374923,33274.34766,ISL,Europe,,,,
Iceland,2021,19.90387811,36752.51543,ISL,Europe,7.561709881,,5.401000023,
Iceland,2022,,,ISL,Europe,,,,
India,2014,,,IND,Asia & Pacific,,,,
India,2015,,,IND,Asia & Pacific,4.114570141,238,,
India,2016,,,IND,Asia & Pacific,4.254079819,,,
India,2017,,,IND,Asia & Pacific,4.305449963,,,
India,2018,8811.115286,6669.622784,IND,Asia & Pacific,4.363739967,60.26567459,3.5,
India,2019,9140.467596,6971.687276,IND,Asia & Pacific,4.4072299,63.74832153,,
India,2020,8537.554993,6525.428052,IND,Asia & Pacific,4.474229813,,,
India,2021,9301.492227,7333.505612,IND,Asia & Pacific,4.474229813,,5.978000164,
India,2022,,,IND,Asia & Pacific,,,,
Indonesia,2014,,,IDN,Asia & Pacific,3.288009882,,,
Indonesia,2015,,,IDN,Asia & Pacific,3.583600044,369,,
Indonesia,2016,,,IDN,Asia & Pacific,3.5,,,
Indonesia,2017,,,IDN,Asia & Pacific,2.669980049,,,
Indonesia,2018,3043.876023,11643.39732,IDN,Asia & Pacific,3,111.6594696,5.6,
Indonesia,2019,3196.656917,12310.62737,IDN,Asia & Pacific,2.841850042,120.1249619,,
Indonesia,2020,3130.645794,12072.43996,IDN,Asia & Pacific,,,,
Indonesia,2021,3246.205447,12904.33506,IDN,Asia & Pacific,2.841850042,,4.413000107,
Indonesia,2022,,,IDN,Asia & Pacific,,,,
Iran,2014,,,IRN,Middle East,2.801350117,,,
Iran,2015,,,IRN,Middle East,2.797389984,1262,,
Iran,2016,,,IRN,Middle East,3.365760088,,,
Iran,2017,,,IRN,Middle East,3.790400028,,,
Iran,2018,1252.494721,15677.4298,IRN,Middle East,3.955359936,484.2865906,11.3,
Iran,2019,1235.708816,15532.51636,IRN,Middle East,3.663199902,470.4346008,,
Iran,2020,1257.479498,15791.15951,IRN,Middle East,3.592430115,,,
Iran,2021,,,IRN,Middle East,3.592430115,,11.46100044,
Iran,2022,,,IRN,Middle East,,,,
Iraq,2014,,,IRQ,Middle East,,,,
Iraq,2015,,,IRQ,Middle East,4.489999771,481,,
Iraq,2016,,,IRQ,Middle East,4.710000038,,,
Iraq,2017,,,IRQ,Middle East,,,,
Iraq,2018,405.7060563,10808.20883,IRQ,Middle East,,239.4129791,16,
Iraq,2019,428.0758386,11349.40215,IRQ,Middle East,,253.3146362,,
Iraq,2020,379.5996776,9954.345263,IRQ,Middle East,,,,
Iraq,2021,390.16521,10408.94388,IRQ,Middle East,,,14.19200039,
Iraq,2022,,,IRQ,Middle East,,,,
Ireland,2014,,,IRL,Europe,4.878499985,,,
Ireland,2015,,,IRL,Europe,3.758769989,5335,,
Ireland,2016,,,IRL,Europe,3.742120028,,,
Ireland,2017,,,IRL,Europe,3.50928998,,,
Ireland,2018,407.5226661,84555.6348,IRL,Europe,3.392869949,5484.221191,8.1,
Ireland,2019,427.560584,87379.69297,IRL,Europe,,5428.588867,,
Ireland,2020,452.6454587,93350.08753,IRL,Europe,,,,
Ireland,2021,513.6559921,106455.753,IRL,Europe,3.392869949,,6.632999897,
Ireland,2022,,,IRL,Europe,,,,
Israel,2014,,,ISR,Middle East,5.766819954,,,
Israel,2015,,,ISR,Middle East,5.862110138,2819,,
Israel,2016,,,ISR,Middle East,5.855780125,,,
Israel,2017,,,ISR,Middle East,6.057909966,,,
Israel,2018,354.4541089,39906.12468,ISR,Middle East,6.112339973,3329.23291,5.6,
Israel,2019,367.8297531,40004.03051,ISR,Middle East,,3456.386963,,
Israel,2020,359.9088024,39489.28078,ISR,Middle East,,,,
Israel,2021,389.3782807,43721.62304,ISR,Middle East,6.112339973,,5.045000076,
Israel,2022,,,ISR,Middle East,,,,
Italy,2014,,,ITA,Europe,4.061279774,,,
Italy,2015,,,ITA,Europe,4.073629856,3351,,
Italy,2016,,,ITA,Europe,3.815789938,,,
Italy,2017,,,ITA,Europe,4.044939995,,,
Italy,2018,2540.488576,43036.24378,ITA,Europe,4.256140232,3000.710938,11.5,
Italy,2019,2553.196961,44376.1625,ITA,Europe,,2905.5,,
Italy,2020,2322.753857,41987.81596,ITA,Europe,,,,
Italy,2021,2477.072749,45935.99655,ITA,Europe,4.256140232,,9.833999634,
Italy,2022,,,ITA,Europe,,,,
Jamaica,2014,,,JAM,South America,6.015860081,,,
Jamaica,2015,,,JAM,South America,5.455210209,511,,
Jamaica,2016,,,JAM,South America,5.314610004,,,
Jamaica,2017,,,JAM,South America,5.260169983,,,
Jamaica,2018,28.57038979,9967.429208,JAM,South America,5.413809776,319.8771668,13.3,
Jamaica,2019,28.82532099,10189.6402,JAM,South America,5.163640022,327.4035339,,
Jamaica,2020,25.94278889,9240.821869,JAM,South America,5.61749506,,,
Jamaica,2021,27.13615718,10025.90479,JAM,South America,12.05494022,,9.18200016,
Jamaica,2022,,,JAM,South America,,,,
Japan,2014,,,JPN,Asia & Pacific,3.551589966,,,
Japan,2015,,,JPN,Asia & Pacific,,4405,,
Japan,2016,,,JPN,Asia & Pacific,3.146430016,,,
Japan,2017,,,JPN,Asia & Pacific,3.130579948,,,
Japan,2018,5292.990112,42116.47435,JPN,Asia & Pacific,3.077820063,4256.095703,3.1,
Japan,2019,5280.268366,42282.55089,JPN,Asia & Pacific,,4360.473633,,
Japan,2020,5042.291711,42100.25769,JPN,Asia & Pacific,,,,
Japan,2021,5124.01695,42940.40525,JPN,Asia & Pacific,3.077820063,,2.799000025,
Japan,2022,,,JPN,Asia & Pacific,,,,
Jordan,2014,,,JOR,Middle East,3.799999952,,,
Jordan,2015,,,JOR,Middle East,3.450000048,568,,
Jordan,2016,,,JOR,Middle East,3.452820063,,,
Jordan,2017,,,JOR,Middle East,3.228539944,,,
Jordan,2018,99.78673203,10252.61882,JOR,Middle East,2.984810114,335.2105713,13.2,
Jordan,2019,101.738028,10496.43835,JOR,Middle East,2.988470078,334.04422,,
Jordan,2020,100.15968,10354.16403,JOR,Middle East,,,,
Jordan,2021,102.3729734,10952.01061,JOR,Middle East,2.988470078,,19.25200081,
Jordan,2022,,,JOR,Middle East,,,,
Kazakhstan,2014,,,KAZ,Asia & Pacific,3.421649933,,,
Kazakhstan,2015,,,KAZ,Asia & Pacific,2.788579941,903,,
Kazakhstan,2016,,,KAZ,Asia & Pacific,2.978100061,,,
Kazakhstan,2017,,,KAZ,Asia & Pacific,2.750819921,,,
Kazakhstan,2018,466.8599908,26154.60194,KAZ,Asia & Pacific,2.615950108,275.8546143,5.2,
Kazakhstan,2019,487.8686904,27463.97155,KAZ,Asia & Pacific,2.856970072,272.9652405,,
Kazakhstan,2020,475.6719731,26750.44623,KAZ,Asia & Pacific,,,,
Kazakhstan,2021,494.6988521,28599.98588,KAZ,Asia & Pacific,2.856970072,,4.900000095,
Kazakhstan,2022,,,KAZ,Asia & Pacific,,,,
Kenya,2014,,,KEN,Africa,4.717299938,,,
Kenya,2015,,,KEN,Africa,4.743500233,157,,
Kenya,2016,,,KEN,Africa,4.895180225,,,
Kenya,2017,,,KEN,Africa,4.963089943,,,
Kenya,2018,223.0321716,4443.452322,KEN,Africa,5.107619762,73.54042816,11,
Kenya,2019,234.4383912,4647.409761,KEN,Africa,4.97439003,83.41162872,,
Kenya,2020,233.8519302,4587.18632,KEN,Africa,5.079969883,,,
Kenya,2021,251.4314109,5023.511272,KEN,Africa,9.598072052,,5.742000103,
Kenya,2022,,,KEN,Africa,,,,
Korea (Dem. People’s Rep.),2014,,,PRK,Asia & Pacific,11.23237038,,,
Korea (Dem. People’s Rep.),2015,,,PRK,Asia & Pacific,9.862959862,,,
Korea (Dem. People’s Rep.),2016,,,PRK,Asia & Pacific,10.09358978,,,
Korea (Dem. People’s Rep.),2017,,,PRK,Asia & Pacific,10.86316013,,,
Korea (Dem. People’s Rep.),2018,,2197.699484,PRK,Asia & Pacific,11.96829033,,4.3,
Korea (Dem. People’s Rep.),2019,,2191.529089,PRK,Asia & Pacific,12.39466,,,
Korea (Dem. People’s Rep.),2020,,2171.867943,PRK,Asia & Pacific,,,,
Korea (Dem. People’s Rep.),2021,,,PRK,Asia & Pacific,12.39466,,2.592000008,
Korea (Dem. People’s Rep.),2022,,,PRK,Asia & Pacific,,,,
Korea (Rep.),2014,,,KOR,Asia & Pacific,,,,
Korea (Rep.),2015,,,KOR,Asia & Pacific,,,,
Korea (Rep.),2016,,,KOR,Asia & Pacific,,,,
Korea (Rep.),2017,,,KOR,Asia & Pacific,,,,
Korea (Rep.),2018,2164.812897,,KOR,Asia & Pacific,,2543.596436,3.7,
Korea (Rep.),2019,2213.390819,,KOR,Asia & Pacific,,2624.533203,,
Korea (Rep.),2020,2194.532034,,KOR,Asia & Pacific,,,,
Korea (Rep.),2021,2282.777645,,KOR,Asia & Pacific,,,3.532000065,
Korea (Rep.),2022,,,KOR,Asia & Pacific,,,,
Kosovo,2014,,,XXK,Europe,,,,
Kosovo,2015,,,XXK,Europe,,,,
Kosovo,2016,,,XXK,Europe,4.333099842,,,
Kosovo,2017,,,XXK,Europe,4.328239918,,,
Kosovo,2018,19.32795026,43044.29176,XXK,Europe,4.458079815,,,
Kosovo,2019,20.24734811,42998.38824,XXK,Europe,,,,
Kosovo,2020,19.16608398,45225.84454,XXK,Europe,,,,
Kosovo,2021,20.91548318,46918.47482,XXK,Europe,4.458079815,,,
Kosovo,2022,,,XXK,Europe,,,,
Kuwait,2014,,,KWT,Middle East,4.400000095,,,
Kuwait,2015,,,KWT,Middle East,4.771480083,2978,,
Kuwait,2016,,,KWT,Middle East,5.847710133,,,
Kuwait,2017,,,KWT,Middle East,6.36548996,,,
Kuwait,2018,211.2960123,52290.9059,KWT,Middle East,6.38917017,1733.809082,2.4,
Kuwait,2019,210.1297443,52054.71258,KWT,Middle East,6.49243021,1758.674194,,
Kuwait,2020,191.5221694,47303.12985,KWT,Middle East,6.551259995,,,
Kuwait,2021,,,KWT,Middle East,6.551259995,,3.713999987,
Kuwait,2022,,,KWT,Middle East,,,,
Kyrgyzstan,2014,,,KGZ,Asia & Pacific,5.531599998,,,
Kyrgyzstan,2015,,,KGZ,Asia & Pacific,5.985509872,287,,
Kyrgyzstan,2016,,,KGZ,Asia & Pacific,6.586150169,,,
Kyrgyzstan,2017,,,KGZ,Asia & Pacific,6.026189804,,,
Kyrgyzstan,2018,32.45589292,5255.783473,KGZ,Asia & Pacific,5.552670002,65.73706055,7.7,
Kyrgyzstan,2019,33.94906706,5480.293907,KGZ,Asia & Pacific,5.366749763,62.14477539,,
Kyrgyzstan,2020,31.09790074,4985.029555,KGZ,Asia & Pacific,,,,
Kyrgyzstan,2021,32.22072549,5287.79067,KGZ,Asia & Pacific,5.552670002,,9.104000092,
Kyrgyzstan,2022,,,KGZ,Asia & Pacific,,,,
Laos,2014,,,LAO,Asia & Pacific,2.937809944,,,
Laos,2015,,,LAO,Asia & Pacific,,,,
Laos,2016,,,LAO,Asia & Pacific,,,,
Laos,2017,,,LAO,Asia & Pacific,2.519999981,,,
Laos,2018,53.61675015,7774.222998,LAO,Asia & Pacific,2.369999886,57.70953369,1.5,
Laos,2019,56.54301034,8219.505763,LAO,Asia & Pacific,2.299999952,68.22131348,,
Laos,2020,56.82743968,8238.494568,LAO,Asia & Pacific,2.230000019,,,
Laos,2021,58.26423682,8674.033695,LAO,Asia & Pacific,2.230000019,,1.258000016,
Laos,2022,,,LAO,Asia & Pacific,,,,
Latvia,2014,,,LVA,Europe,5.281229973,,,
Latvia,2015,,,LVA,Europe,5.282519817,1429,,
Latvia,2016,,,LVA,Europe,4.65749979,,,
Latvia,2017,,,LVA,Europe,4.366710186,,,
Latvia,2018,57.91295951,30877.04193,LVA,Europe,4.243569851,1101.492554,9.9,
Latvia,2019,59.35170643,31883.25911,LVA,Europe,,1166.797852,,
Latvia,2020,57.11469408,31424.90221,LVA,Europe,,,,
Latvia,2021,59.67462915,34468.60211,LVA,Europe,4.243569851,,7.599999905,
Latvia,2022,,,LVA,Europe,,,,
Lebanon,2014,,,LBN,Middle East,2,,,
Lebanon,2015,,,LBN,Middle East,2.099999905,1117,,
Lebanon,2016,,,LBN,Middle East,2.123929977,,,
Lebanon,2017,,,LBN,Middle East,2.132940054,,,
Lebanon,2018,106.7435823,15933.40097,LBN,Middle East,2.524470091,695.0587769,6.8,
Lebanon,2019,99.36234341,15105.05921,LBN,Middle East,2.592020035,663.0510864,,
Lebanon,2020,73.6198141,11376.79398,LBN,Middle East,,,,
Lebanon,2021,65.87545917,10691.21532,LBN,Middle East,2.524470091,,14.48799992,
Lebanon,2022,,,LBN,Middle East,,,,
Lesotho,2014,,,LSO,Africa,7.198599815,,,
Lesotho,2015,,,LSO,Africa,9,251,,
Lesotho,2016,,,LSO,Africa,7.760749817,,,
Lesotho,2017,,,LSO,Africa,8.156889915,,,
Lesotho,2018,5.512555847,2677.123334,LSO,Africa,7.285359859,124.6897278,27.4,
Lesotho,2019,5.644955375,2768.216136,LSO,Africa,7.991712093,124.193634,,
Lesotho,2020,5.218381134,2569.337741,LSO,Africa,7.669359207,,,
Lesotho,2021,5.271393145,2682.235528,LSO,Africa,17.40528107,,24.59799957,
Lesotho,2022,,,LSO,Africa,,,,
Liberia,2014,,,LBR,Africa,2.200050116,,,
Liberia,2015,,,LBR,Africa,2.170830011,128,,
Liberia,2016,,,LBR,Africa,2.14812994,,,
Liberia,2017,,,LBR,Africa,2.663300037,,,
Liberia,2018,7.440349936,1580.854668,LBR,Africa,2.503910065,61.22189713,4,
Liberia,2019,7.256774358,1531.794745,LBR,Africa,2.270390034,52.56287003,,
Liberia,2020,7.040341632,1468.245239,LBR,Africa,2.309289932,,,
Liberia,2021,7.321956002,1552.807212,LBR,Africa,5.384358883,,4.09499979,
Liberia,2022,,,LBR,Africa,,,,
Libya,2014,,,LBY,Middle East,,,,
Libya,2015,,,LBY,Middle East,,,,
Libya,2016,,,LBY,Middle East,,,,
Libya,2017,,,LBY,Middle East,,,,
Libya,2018,166.7006174,25556.8544,LBY,Middle East,,,19.2,
Libya,2019,148.0373254,22764.47805,LBY,Middle East,,,,
Libya,2020,112.6123155,17286.36814,LBY,Middle East,,,,
Libya,2021,147.9415266,23356.60496,LBY,Middle East,,,19.58399963,
Libya,2022,,,LBY,Middle East,,,,
Lithuania,2014,,,LTU,Europe,4.486579895,,,
Lithuania,2015,,,LTU,Europe,4.227190018,1875,,
Lithuania,2016,,,LTU,Europe,4.004310131,,,
Lithuania,2017,,,LTU,Europe,3.812200069,,,
Lithuania,2018,99.3054769,36376.18982,LTU,Europe,3.892930031,1249.031006,9.2,
Lithuania,2019,103.8474827,38540.78145,LTU,Europe,,1369.979492,,
Lithuania,2020,103.709956,38880.54527,LTU,Europe,,,,
Lithuania,2021,108.8990844,42665.32293,LTU,Europe,3.892930031,,7.902999878,
Lithuania,2022,,,LTU,Europe,,,,
Luxembourg,2014,,,LUX,Europe,3.855690002,,,
Luxembourg,2015,,,LUX,Europe,3.767920017,6382,,
Luxembourg,2016,,,LUX,Europe,,,,
Luxembourg,2017,,,LUX,Europe,3.48645997,,,
Luxembourg,2018,69.94460256,116965.5861,LUX,Europe,3.647490025,6227.083984,5.9,
Luxembourg,2019,72.24144814,117341.9151,LUX,Europe,,6220.741211,,
Luxembourg,2020,70.95826648,117846.1365,LUX,Europe,,,,
Luxembourg,2021,75.84485555,134753.7977,LUX,Europe,3.647490025,,5.227000237,
Luxembourg,2022,,,LUX,Europe,,,,
Macedonia,2014,,,MKD,Europe,2.048530102,,,
Macedonia,2015,,,MKD,Europe,3.002470016,857,,
Macedonia,2016,,,MKD,Europe,3.099529982,,,
Macedonia,2017,,,MKD,Europe,2.706429958,,,
Macedonia,2018,33.52163611,16796.27023,MKD,Europe,2.728780031,399.0970764,26.7,
Macedonia,2019,34.83247272,17546.41692,MKD,Europe,3.05862999,436.8871765,,
Macedonia,2020,32.70389977,16719.6901,MKD,Europe,6.300000191,,,
Macedonia,2021,34.00036875,17918.07707,MKD,Europe,6.300000191,,16.20299911,
Macedonia,2022,,,MKD,Europe,,,,
Madagascar,2014,,,MDG,Africa,2.381230116,,,
Madagascar,2015,,,MDG,Africa,2.210119963,77,,
Madagascar,2016,,,MDG,Africa,2.687190056,,,
Madagascar,2017,,,MDG,Africa,2.701374292,,,
Madagascar,2018,41.81101523,1630.088139,MDG,Africa,2.844099998,22.33701324,2.1,
Madagascar,2019,43.6506999,1686.842064,MDG,Africa,2.994858742,19.84997559,,
Madagascar,2020,40.53377365,1543.952938,MDG,Africa,3.095706224,,,
Madagascar,2021,42.31820819,1635.418012,MDG,Africa,3.095706224,,2.594000101,
Madagascar,2022,,,MDG,Africa,,,,
Malawi,2014,,,MWI,Africa,4.839839935,,,
Malawi,2015,,,MWI,Africa,5.608660221,108,,
Malawi,2016,,,MWI,Africa,4.748569965,,,
Malawi,2017,,,MWI,Africa,4.031330109,,,
Malawi,2018,27.15553441,1532.489312,MWI,Africa,3.3229599,37.43349457,6.7,
Malawi,2019,28.63501716,1602.01559,MWI,Africa,3.711319923,30.40028763,,
Malawi,2020,28.86409682,1591.475591,MWI,Africa,2.907619953,,,
Malawi,2021,29.65826832,1658.334418,MWI,Africa,2.907619953,,7.020999908,
Malawi,2022,,,MWI,Africa,,,,
Malaysia,2014,,,MYS,Asia & Pacific,5.212639809,,,
Malaysia,2015,,,MYS,Asia & Pacific,4.894869804,1064,,
Malaysia,2016,,,MYS,Asia & Pacific,4.751920223,,,
Malaysia,2017,,,MYS,Asia & Pacific,4.675310135,,,
Malaysia,2018,869.4605645,28236.20719,MYS,Asia & Pacific,4.478650093,426.4685974,3.3,
Malaysia,2019,908.0597294,29620.97866,MYS,Asia & Pacific,4.156610012,436.61203,,
Malaysia,2020,856.7821419,27921.41095,MYS,Asia & Pacific,3.916970015,,,
Malaysia,2021,883.6216107,29617.29676,MYS,Asia & Pacific,3.916970015,,4.609000206,
Malaysia,2022,,,MYS,Asia & Pacific,,,,
Maldives,2014,,,MDV,Asia & Pacific,3.088589907,,,
Maldives,2015,,,MDV,Asia & Pacific,3.887510061,1514,,
Maldives,2016,,,MDV,Asia & Pacific,3.686990023,,,
Maldives,2017,,,MDV,Asia & Pacific,3.887470007,,,
Maldives,2018,9.692060901,19242.83173,MDV,Asia & Pacific,3.912489891,786.4376831,3.2,
Maldives,2019,10.35923222,20333.92415,MDV,Asia & Pacific,4.121590137,854.3706055,,
Maldives,2020,6.888899566,13442.38615,MDV,Asia & Pacific,,,,
Maldives,2021,9.021898671,18232.24473,MDV,Asia & Pacific,4.121590137,,6.078000069,
Maldives,2022,,,MDV,Asia & Pacific,,,,
Mali,2014,,,MLI,Africa,3.648190022,,,
Mali,2015,,,MLI,Africa,3.801520109,118,,
Mali,2016,,,MLI,Africa,3.094779968,,,
Mali,2017,,,MLI,Africa,3.789769888,,,
Mali,2018,43.56791513,2338.260312,MLI,Africa,3.905565023,33.39861298,8.1,
Mali,2019,45.64007523,2419.688689,MLI,Africa,3.484102249,34.28177643,,
Mali,2020,45.07621472,2347.796674,MLI,Africa,3.763431311,,,
Mali,2021,46.45999593,2447.324283,MLI,Africa,3.763431311,,7.71999979,
Mali,2022,,,MLI,Africa,,,,
Malta,2014,,,MLT,Europe,7.004209995,,,
Malta,2015,,,MLT,Europe,5.023980141,3471,,
Malta,2016,,,MLT,Europe,5.084459782,,,
Malta,2017,,,MLT,Europe,4.651629925,,,
Malta,2018,21.61583413,45568.72321,MLT,Europe,,2753.510986,5.3,
Malta,2019,22.88276767,47407.88079,MLT,Europe,,2531.910889,,
Malta,2020,20.97233158,43243.17265,MLT,Europe,,,,
Malta,2021,22.94657006,47714.45217,MLT,Europe,,,3.499000072,
Malta,2022,,,MLT,Europe,,,,
Mauritania,2014,,,MRT,Africa,,,,
Mauritania,2015,,,MRT,Africa,,177,,
Mauritania,2016,,,MRT,Africa,1.944059968,,,
Mauritania,2017,,,MRT,Africa,,,,
Mauritania,2018,22.86813217,5317.464294,MRT,Africa,,57.29694748,11.7,
Mauritania,2019,24.18532071,5569.539163,MRT,Africa,1.824370027,57.88484573,,
Mauritania,2020,23.75885567,5389.646488,MRT,Africa,1.881160021,,,
Mauritania,2021,24.30524961,5591.83474,MRT,Africa,1.881160021,,11.4630003,
Mauritania,2022,,,MRT,Africa,,,,
Mauritius,2014,,,MUS,Africa,4.916950226,,,
Mauritius,2015,,,MUS,Africa,4.886670113,1099,,
Mauritius,2016,,,MUS,Africa,5.013599873,,,
Mauritius,2017,,,MUS,Africa,5.02312994,,,
Mauritius,2018,28.10002378,22738.69296,MUS,Africa,4.834589958,656.6224976,7.8,
Mauritius,2019,28.94650213,23834.965,MUS,Africa,4.719299793,685.9456177,,
Mauritius,2020,24.63501452,20528.83365,MUS,Africa,4.608170033,,,
Mauritius,2021,25.63032324,22240.13496,MUS,Africa,4.608170033,,7.414000034,
Mauritius,2022,,,MUS,Africa,,,,
Mexico,2014,,,MEX,South America,5.257470131,,,
Mexico,2015,,,MEX,South America,5.229420185,1009,,
Mexico,2016,,,MEX,South America,4.90681982,,,
Mexico,2017,,,MEX,South America,4.518219948,,,
Mexico,2018,2514.779898,20096.15665,MEX,South America,4.254220009,521.0083008,4,
Mexico,2019,2510.104752,19862.5632,MEX,South America,,540.3723145,,
Mexico,2020,2305.09551,18670.8104,MEX,South America,,,,
Mexico,2021,2415.675362,20036.45539,MEX,South America,4.254220009,,4.379000187,
Mexico,2022,,,MEX,South America,,,,
Moldova,2014,,,MDA,Europe,6.266019821,,,
Moldova,2015,,,MDA,Europe,5.805689812,515,,
Moldova,2016,,,MDA,Europe,5.608449936,,,
Moldova,2017,,,MDA,Europe,5.618440151,,,
Moldova,2018,33.48204733,12658.50376,MDA,Europe,5.439730167,276.4714356,5,
Moldova,2019,34.71532637,13576.29474,MDA,Europe,6.103789806,284.3071289,,
Moldova,2020,32.15327205,12941.89278,MDA,Europe,6.388720036,,,
Moldova,2021,36.63691388,15637.24037,MDA,Europe,6.388720036,,3.961999893,
Moldova,2022,,,MDA,Europe,,,,
Mongolia,2014,,,MNG,Asia & Pacific,4.714849949,,,
Mongolia,2015,,,MNG,Asia & Pacific,4.223619938,470,,
Mongolia,2016,,,MNG,Asia & Pacific,5.183100224,,,
Mongolia,2017,,,MNG,Asia & Pacific,4.068970203,,,
Mongolia,2018,38.13334915,12316.00107,MNG,Asia & Pacific,6.173019886,159.3799133,6.7,
Mongolia,2019,40.2696725,13013.04724,MNG,Asia & Pacific,4.940889835,163.441864,,
Mongolia,2020,38.43428071,12365.93848,MNG,Asia & Pacific,,,,
Mongolia,2021,38.98043533,12862.74693,MNG,Asia & Pacific,4.940889835,,7.081999779,
Mongolia,2022,,,MNG,Asia & Pacific,,,,
Montenegro,2014,,,MNE,Europe,,,,
Montenegro,2015,,,MNE,Europe,,957,,
Montenegro,2016,,,MNE,Europe,,,,
Montenegro,2017,,,MNE,Europe,,,,
Montenegro,2018,12.87173711,21513.29975,MNE,Europe,,731.4810791,17.5,
Montenegro,2019,13.39470871,23072.58274,MNE,Europe,,735.1588745,,
Montenegro,2020,11.34439488,19989.65367,MNE,Europe,,,,
Montenegro,2021,12.75499766,22795.40727,MNE,Europe,,,18.48699951,
Montenegro,2022,,,MNE,Europe,,,,
Morocco,2014,,,MAR,Africa,,,,
Morocco,2015,,,MAR,Africa,4.645984173,435,,
Morocco,2016,,,MAR,Africa,,,,
Morocco,2017,,,MAR,Africa,5.118315697,,,
Morocco,2018,272.5316897,7624.844238,MAR,Africa,5.348847866,174.7818451,10,
Morocco,2019,279.6391404,7865.262207,MAR,Africa,5.931356907,174.2237701,,
Morocco,2020,262.0407413,7368.891602,MAR,Africa,6.754302025,,,
Morocco,2021,281.3602915,8143.525391,MAR,Africa,6.754302025,,11.46700001,
Morocco,2022,,,MAR,Africa,,,,
Mozambique,2014,,,MOZ,Africa,6.876329899,,,
Mozambique,2015,,,MOZ,Africa,6.010829926,64,,
Mozambique,2016,,,MOZ,Africa,5.865039825,,,
Mozambique,2017,,,MOZ,Africa,5.505559921,,,
Mozambique,2018,38.04206313,1320.54788,MOZ,Africa,5.452189922,40.72650528,24.4,
Mozambique,2019,38.92258701,1335.877014,MOZ,Africa,6.084420204,39.46094131,,
Mozambique,2020,38.44231899,1297.298716,MOZ,Africa,6.260588646,,,
Mozambique,2021,39.29759111,1342.290121,MOZ,Africa,6.260588646,,3.982000113,
Mozambique,2022,,,MOZ,Africa,,,,
Myanmar,2014,,,MMR,Asia & Pacific,1.899999976,,,
Myanmar,2015,,,MMR,Asia & Pacific,2.099999905,267,,
Myanmar,2016,,,MMR,Asia & Pacific,1.899999976,,,
Myanmar,2017,,,MMR,Asia & Pacific,2.32633996,,,
Myanmar,2018,239.9611678,4574.596178,MMR,Asia & Pacific,2.157480001,59.20605469,0.8,
Myanmar,2019,256.1596508,4939.747975,MMR,Asia & Pacific,2.139869928,60.01587296,,
Myanmar,2020,264.2895802,5123.407709,MMR,Asia & Pacific,,,,
Myanmar,2021,216.7577802,4344.943168,MMR,Asia & Pacific,2.157480001,,2.173000097,
Myanmar,2022,,,MMR,Asia & Pacific,,,,
Namibia,2014,,,NAM,Africa,9.577854156,,,
Namibia,2015,,,NAM,Africa,9.850768089,942,,
Namibia,2016,,,NAM,Africa,10.63879585,,,
Namibia,2017,,,NAM,Africa,9.708672523,,,
Namibia,2018,24.69712118,10328.44753,NAM,Africa,8.881122589,464.4840698,25.6,
Namibia,2019,24.46933092,10223.21253,NAM,Africa,8.927026749,427.2562256,,
Namibia,2020,22.54458886,9358.537168,NAM,Africa,9.446896553,,,
Namibia,2021,23.09256662,9805.181879,NAM,Africa,19.28098297,,21.6779995,
Namibia,2022,,,NAM,Africa,,,,
Nepal,2014,,,NPL,Asia & Pacific,3.47213006,,,
Nepal,2015,,,NPL,Asia & Pacific,3.25902009,151,,
Nepal,2016,,,NPL,Asia & Pacific,3.903209925,,,
Nepal,2017,,,NPL,Asia & Pacific,4.76722002,,,
Nepal,2018,106.0252356,13960.44332,NPL,Asia & Pacific,4.43445015,51.13627625,3.2,
Nepal,2019,113.0833943,14096.62255,NPL,Asia & Pacific,4.239999771,53.24640274,,
Nepal,2020,110.4037469,14337.26541,NPL,Asia & Pacific,4.389999866,,,
Nepal,2021,115.0925279,15102.66104,NPL,Asia & Pacific,4.389999866,,5.052000046,
Nepal,2022,,,NPL,Asia & Pacific,,,,
Netherlands,2014,,,NLD,Europe,5.458899975,,,
Netherlands,2015,,,NLD,Europe,5.34815979,5313,,
Netherlands,2016,,,NLD,Europe,5.479599953,,,
Netherlands,2017,,,NLD,Europe,5.17509985,,,
Netherlands,2018,966.0205847,57826.6285,NLD,Europe,5.357649803,5336.984375,6.2,
Netherlands,2019,984.9119714,59004.32497,NLD,Europe,,5335.30127,,
Netherlands,2020,947.4987507,59266.90858,NLD,Europe,,,,
Netherlands,2021,995.2138595,63766.88711,NLD,Europe,5.357649803,,4.010000229,
Netherlands,2022,,,NLD,Europe,,,,
New Zealand,2014,,,NZL,Australia,6.342430115,,,
New Zealand,2015,,,NZL,Australia,6.325059891,3530,,
New Zealand,2016,,,NZL,Australia,6.411789894,,,
New Zealand,2017,,,NZL,Australia,6.259739876,,,
New Zealand,2018,210.049865,42520.75442,NZL,Australia,6.048500061,4037.462891,5.2,
New Zealand,2019,214.6551605,45554.8094,NZL,Australia,,4211.046387,,
New Zealand,2020,211.9662514,44657.77372,NZL,Australia,,,,
New Zealand,2021,221.8159135,46419.5087,NZL,Australia,6.048500061,,4.124000072,
New Zealand,2022,,,NZL,Australia,,,,
Nicaragua,2014,,,NIC,South America,4.0832901,,,
Nicaragua,2015,,,NIC,South America,4.078430176,406,,
Nicaragua,2016,,,NIC,South America,4.081140041,,,
Nicaragua,2017,,,NIC,South America,4.357699871,,,
Nicaragua,2018,37.04531067,5866.5711,NIC,South America,4.46999979,173.4938355,5.9,
Nicaragua,2019,35.64503899,5675.564316,NIC,South America,4.599999905,160.7587891,,
Nicaragua,2020,35.00720382,5573.868729,NIC,South America,4.630000114,,,
Nicaragua,2021,38.6286742,6331.672499,NIC,South America,4.630000114,,5.956999779,
Nicaragua,2022,,,NIC,South America,,,,
Niger,2014,,,NER,Africa,5.103680134,,,
Niger,2015,,,NER,Africa,4.486690044,68,,
Niger,2016,,,NER,Africa,2.958430052,,,
Niger,2017,,,NER,Africa,2.578180075,,,
Niger,2018,26.94042703,1229.080091,NER,Africa,3.457279921,30.2661438,2.6,
Niger,2019,28.54106472,1276.049385,NER,Africa,3.527528763,31.39763641,,
Niger,2020,29.56283666,1288.153512,NER,Africa,3.837612629,,,
Niger,2021,29.9625421,1309.814499,NER,Africa,3.837612629,,0.750999987,
Niger,2022,,,NER,Africa,,,,
Nigeria,2014,,,NGA,Africa,,,,
Nigeria,2015,,,NGA,Africa,,215,,
Nigeria,2016,,,NGA,Africa,,,,
Nigeria,2017,,,NGA,Africa,,,,
Nigeria,2018,1009.748886,5278.231321,NGA,Africa,,66.5456543,5,
Nigeria,2019,1032.048476,5352.241119,NGA,Africa,,71.46572876,,
Nigeria,2020,1013.530915,5185.988584,NGA,Africa,,,,
Nigeria,2021,1050.496278,5459.158598,NGA,Africa,,,9.788000107,
Nigeria,2022,,,NGA,Africa,,,,
Norway,2014,,,NOR,Europe,7.695040226,,,
Norway,2015,,,NOR,Europe,7.569330215,6222,,
Norway,2016,,,NOR,Europe,8.030550003,,,
Norway,2017,,,NOR,Europe,7.911980152,,,
Norway,2018,341.7753614,69808.32941,NOR,Europe,7.644110203,8271.858398,4.8,
Norway,2019,344.324316,66799.16472,NOR,Europe,,8007.397949,,
Norway,2020,341.8548817,62644.84574,NOR,Europe,,,,
Norway,2021,355.2647042,79201.23025,NOR,Europe,7.644110203,,4.985000134,
Norway,2022,,,NOR,Europe,,,,
Oman,2014,,,OMN,Middle East,,,,
Oman,2015,,,OMN,Middle East,,1636,,
Oman,2016,,,OMN,Middle East,,,,
Oman,2017,,,OMN,Middle East,5.840189934,,,
Oman,2018,157.4152745,33373.381,OMN,Middle East,5.207230091,677.9642334,17.5,
Oman,2019,155.6377311,32604.34544,OMN,Middle East,5.413209915,624.7444458,,
Oman,2020,150.6558669,31117.75771,OMN,Middle East,,,,
Oman,2021,,,OMN,Middle East,5.413209915,,3.121999979,
Oman,2022,,,OMN,Middle East,,,,
Pakistan,2014,,,PAK,Asia & Pacific,2.465929985,,,
Pakistan,2015,,,PAK,Asia & Pacific,2.650019884,134,,
Pakistan,2016,,,PAK,Asia & Pacific,3.002919912,,,
Pakistan,2017,,,PAK,Asia & Pacific,2.89951992,,,
Pakistan,2018,1123.58248,5420.695792,PAK,Asia & Pacific,,42.87313461,5.9,
Pakistan,2019,1151.645491,5542.208851,PAK,Asia & Pacific,2.507550001,39.49928665,,
Pakistan,2020,1136.334137,5426.019788,PAK,Asia & Pacific,,,,
Pakistan,2021,1204.852268,5877.64258,PAK,Asia & Pacific,2.507550001,,4.352000237,
Pakistan,2022,,,PAK,Asia & Pacific,,,,
Panama,2014,,,PAN,South America,,,,
Panama,2015,,,PAN,South America,2.836289883,1543,,
Panama,2016,,,PAN,South America,2.846080065,,,
Panama,2017,,,PAN,South America,2.882240057,,,
Panama,2018,129.6461077,31780.59909,PAN,South America,2.88293004,1131.660156,5.8,
Panama,2019,133.5091927,32767.18697,PAN,South America,3.127360106,1192.820801,,
Panama,2020,109.5511495,26780.3006,PAN,South America,3.906071424,,,
Panama,2021,126.3517156,31680.18601,PAN,South America,3.906071424,,12.0880003,
Panama,2022,,,PAN,South America,,,,
Papua New Guinea,2014,,,PNG,Asia & Pacific,,,,
Papua New Guinea,2015,,,PNG,Asia & Pacific,,99,,
Papua New Guinea,2016,,,PNG,Asia & Pacific,,,,
Papua New Guinea,2017,,,PNG,Asia & Pacific,1.964930058,,,
Papua New Guinea,2018,36.05694477,4289.676883,PNG,Asia & Pacific,1.874830008,63.48856354,2.5,
Papua New Guinea,2019,37.67245117,4473.77725,PNG,Asia & Pacific,,65.08071899,,
Papua New Guinea,2020,36.35391538,4285.765475,PNG,Asia & Pacific,,,,
Papua New Guinea,2021,36.89922411,4445.364769,PNG,Asia & Pacific,1.874830008,,2.752000093,
Papua New Guinea,2022,,,PNG,Asia & Pacific,,,,
Paraguay,2014,,,PRY,South America,4.789110184,,,
Paraguay,2015,,,PRY,South America,3.338150024,724,,
Paraguay,2016,,,PRY,South America,,,,
Paraguay,2017,,,PRY,South America,3.08968997,,,
Paraguay,2018,89.23042211,13134.16336,PRY,South America,3.283200026,390.0476379,5.4,
Paraguay,2019,88.8718451,13147.96186,PRY,South America,3.469710112,388.3932495,,
Paraguay,2020,88.1432867,13034.71654,PRY,South America,3.303621531,,,
Paraguay,2021,91.84520044,13975.85823,PRY,South America,3.303621531,,7.205999851,
Paraguay,2022,,,PRY,South America,,,,
Peru,2014,,,PER,South America,3.695990086,,,
Peru,2015,,,PER,South America,3.969330072,671,,
Peru,2016,,,PER,South America,3.813169956,,,
Peru,2017,,,PER,South America,3.931309938,,,
Peru,2018,408.8688825,13086.79035,PER,South America,3.714299917,365.8638306,4.9,
Peru,2019,418.0301285,13401.00669,PER,South America,3.819960117,370.1099548,,
Peru,2020,372.2445471,11908.0607,PER,South America,4.246679783,,,
Peru,2021,421.9373667,13895.27582,PER,South America,4.246679783,,4.833000183,
Peru,2022,,,PER,South America,,,,
Philippines,2014,,,PHL,Asia & Pacific,2.789999962,,,
Philippines,2015,,,PHL,Asia & Pacific,3.329999924,323,,
Philippines,2016,,,PHL,Asia & Pacific,3.569999933,,,
Philippines,2017,,,PHL,Asia & Pacific,4.400000095,,,
Philippines,2018,908.2578344,8719.587979,PHL,Asia & Pacific,3.133100033,128.582489,5.9,
Philippines,2019,963.8298231,9290.966062,PHL,Asia & Pacific,3.234369993,142.0787659,,
Philippines,2020,872.0896598,8394.242258,PHL,Asia & Pacific,3.880000114,,,
Philippines,2021,921.8262932,9119.693358,PHL,Asia & Pacific,3.880000114,,2.405999899,
Philippines,2022,,,PHL,Asia & Pacific,,,,
Poland,2014,,,POL,Europe,4.935540199,,,
Poland,2015,,,POL,Europe,4.809939861,1704,,
Poland,2016,,,POL,Europe,4.633399963,,,
Poland,2017,,,POL,Europe,4.558460236,,,
Poland,2018,1202.817214,31953.03503,POL,Europe,4.615799904,978.7356567,6.2,
Poland,2019,1259.890291,33797.76736,POL,Europe,,1014.038208,,
Poland,2020,1227.880779,34286.98508,POL,Europe,,,,
Poland,2021,1298.270048,37502.55987,POL,Europe,4.615799904,,3.368000031,
Poland,2022,,,POL,Europe,,,,
Portugal,2014,,,PRT,South America,5.124000072,,,
Portugal,2015,,,PRT,South America,4.885540009,2661,,
Portugal,2016,,,PRT,South America,,,,
Portugal,2017,,,PRT,South America,5.015610218,,,
Portugal,2018,350.0687606,34928.54353,PRT,South America,4.675159931,2216.306641,11.2,
Portugal,2019,359.4602632,36172.07254,PRT,South America,,2221.439209,,
Portugal,2020,329.1129888,34177.08571,PRT,South America,,,,
Portugal,2021,345.1776852,35888.16538,PRT,South America,4.675159931,,6.646999836,
Portugal,2022,,,PRT,South America,,,,
Qatar,2014,,,QAT,Middle East,3.605350018,,,
Qatar,2015,,,QAT,Middle East,,3900,,
Qatar,2016,,,QAT,Middle East,,,,
Qatar,2017,,,QAT,Middle East,2.967459917,,,
Qatar,2018,253.0497809,93143.34557,QAT,Middle East,,1730.181885,0.2,
Qatar,2019,255.0104319,93844.06063,QAT,Middle East,2.803780079,1807.153931,,
Qatar,2020,245.7269051,89961.43323,QAT,Middle East,3.233669996,,,
Qatar,2021,249.4703023,93521.4418,QAT,Middle East,3.233669996,,0.257999986,
Qatar,2022,,,QAT,Middle East,,,,
Romania,2014,,,ROU,Europe,3.121220112,,,
Romania,2015,,,ROU,Europe,3.109630108,1090,,
Romania,2016,,,ROU,Europe,2.979890108,,,
Romania,2017,,,ROU,Europe,3.095390081,,,
Romania,2018,555.4648845,29342.04115,ROU,Europe,3.344749928,687.1541138,6.4,
Romania,2019,578.7292,31867.26319,ROU,Europe,,738.5581665,,
Romania,2020,557.0389638,32202.20866,ROU,Europe,,,,
Romania,2021,589.7910048,35413.99058,ROU,Europe,3.344749928,,5.169000149,
Romania,2022,,,ROU,Europe,,,,
Russia,2014,,,RUS,Asia & Pacific,4.013879776,,,
Russia,2015,,,RUS,Asia & Pacific,3.834029913,1414,,
Russia,2016,,,RUS,Asia & Pacific,3.760440111,,,
Russia,2017,,,RUS,Asia & Pacific,4.689909935,,,
Russia,2018,3913.97594,28821.26172,RUS,Asia & Pacific,4.678199768,609.0091553,5.7,
Russia,2019,4000.008096,30067.74023,RUS,Asia & Pacific,,653.4172363,,
Russia,2020,3892.67603,29916.01367,RUS,Asia & Pacific,,,,
Russia,2021,4080.294905,32803.35547,RUS,Asia & Pacific,4.678199768,,5.010000229,
Russia,2022,,,RUS,Asia & Pacific,,,,
Rwanda,2014,,,RWA,Africa,4.19878006,,,
Rwanda,2015,,,RWA,Africa,3.649159908,143,,
Rwanda,2016,,,RWA,Africa,3.436729908,,,
Rwanda,2017,,,RWA,Africa,3.126460075,,,
Rwanda,2018,25.69573128,2138.649927,RWA,Africa,3.073750019,52.29534531,2.5,
Rwanda,2019,28.12670101,2321.526953,RWA,Africa,3.237074137,51.39912415,,
Rwanda,2020,27.18196638,2213.568598,RWA,Africa,3.330549717,,,
Rwanda,2021,30.14059272,2494.050572,RWA,Africa,7.64312315,,1.606999993,
Rwanda,2022,,,RWA,Africa,,,,
Saudi Arabia,2014,,,SAU,Middle East,,,,
Saudi Arabia,2015,,,SAU,Middle East,,3121,,
Saudi Arabia,2016,,,SAU,Middle East,8.510457993,,,
Saudi Arabia,2017,,,SAU,Middle East,8.016425133,,,
Saudi Arabia,2018,1605.260692,48767.83655,SAU,Middle East,7.085813046,1341.519775,5.5,
Saudi Arabia,2019,1610.618743,48983.55126,SAU,Middle East,6.794735432,1316.260254,,
Saudi Arabia,2020,1543.976648,46778.29837,SAU,Middle East,7.809313774,,,
Saudi Arabia,2021,1594.015847,49551.33457,SAU,Middle East,7.809313774,,7.357999802,
Saudi Arabia,2022,,,SAU,Middle East,,,,
Senegal,2014,,,SEN,Africa,5.720210075,,,
Senegal,2015,,,SEN,Africa,5.45637989,97,,
Senegal,2016,,,SEN,Africa,5.113090038,,,
Senegal,2017,,,SEN,Africa,4.624969959,,,
Senegal,2018,52.46966607,3388.550158,SEN,Africa,4.8582201,61.79673004,9.5,
Senegal,2019,54.89042132,3510.418402,SEN,Africa,5.348875046,59.09758377,,
Senegal,2020,55.61799668,3503.595017,SEN,Africa,5.497858047,,,
Senegal,2021,58.99094784,3768.667149,SEN,Africa,5.497858047,,3.72300005,
Senegal,2022,,,SEN,Africa,,,,
Serbia,2014,,,SRB,Europe,3.926980019,,,
Serbia,2015,,,SRB,Europe,3.78640008,1324,,
Serbia,2016,,,SRB,Europe,3.63470006,,,
Serbia,2017,,,SRB,Europe,3.710160017,,,
Serbia,2018,121.8660129,17717.9058,SRB,Europe,3.582319975,617.0865479,16.5,
Serbia,2019,127.1449256,18822.36077,SRB,Europe,3.616470098,641.0250244,,
Serbia,2020,125.943919,19093.95531,SRB,Europe,,,,
Serbia,2021,135.2502564,21432.41034,SRB,Europe,3.582319975,,11.80700016,
Serbia,2022,,,SRB,Europe,,,,
Sierra Leone,2014,,,SLE,Africa,2.662919998,,,
Sierra Leone,2015,,,SLE,Africa,3.057290077,256,,
Sierra Leone,2016,,,SLE,Africa,3.060230017,,,
Sierra Leone,2017,,,SLE,Africa,4.660960197,,,
Sierra Leone,2018,12.65793534,1694.128414,SLE,Africa,6.989630222,44.26722717,3,
Sierra Leone,2019,13.32301379,1777.158358,SLE,Africa,7.44701004,46.15795517,,
Sierra Leone,2020,13.0606906,1726.964157,SLE,Africa,8.809550285,,,
Sierra Leone,2021,13.45906814,1816.170271,SLE,Africa,8.809550285,,5.333000183,
Sierra Leone,2022,,,SLE,Africa,,,,
Singapore,2014,,,SGP,Asia & Pacific,2.92437005,,,
Singapore,2015,,,SGP,Asia & Pacific,2.863090038,3681,,
Singapore,2016,,,SGP,Asia & Pacific,2.874830008,,,
Singapore,2017,,,SGP,Asia & Pacific,2.768260002,,,
Singapore,2018,554.4902365,100686.2371,SGP,Asia & Pacific,2.855979919,2667.674805,1.8,
Singapore,2019,560.5656339,102431.3157,SGP,Asia & Pacific,2.736210108,2632.713867,,
Singapore,2020,537.3408076,99681.29415,SGP,Asia & Pacific,2.506659985,,,
Singapore,2021,578.2537358,116486.4732,SGP,Asia & Pacific,2.506659985,,3.624000072,
Singapore,2022,,,SGP,Asia & Pacific,,,,
Slovakia,2014,,,SVK,Europe,4.230410099,,,
Slovakia,2015,,,SVK,Europe,4.592060089,2062,,
Slovakia,2016,,,SVK,Europe,3.91286993,,,
Slovakia,2017,,,SVK,Europe,3.942780018,,,
Slovakia,2018,169.7160599,31214.59257,SVK,Europe,3.972569942,1299.911377,10,
Slovakia,2019,174.1377901,31966.55484,SVK,Europe,,1342.074829,,
Slovakia,2020,166.5475525,31356.45828,SVK,Europe,,,,
Slovakia,2021,171.5780743,33010.29075,SVK,Europe,3.972569942,,6.739999771,
Slovakia,2022,,,SVK,Europe,,,,
Slovenia,2014,,,SVN,Europe,5.291699886,,,
Slovenia,2015,,,SVN,Europe,4.909530163,2734,,
Slovenia,2016,,,SVN,Europe,4.792669773,,,
Slovenia,2017,,,SVN,Europe,4.780539989,,,
Slovenia,2018,78.77506537,38961.54435,SVN,Europe,4.935870171,2169.579102,8.7,
Slovenia,2019,81.33567355,40670.87787,SVN,Europe,,2219.100586,,
Slovenia,2020,77.89577531,39725.25919,SVN,Europe,,,,
Slovenia,2021,84.21667326,43624.67321,SVN,Europe,4.935870171,,4.422999859,
Slovenia,2022,,,SVN,Europe,,,,
Solomon Islands,2014,,,SLB,Asia & Pacific,9.812000275,,,
Solomon Islands,2015,,,SLB,Asia & Pacific,10.13490009,173,,
Solomon Islands,2016,,,SLB,Asia & Pacific,12,,,
Solomon Islands,2017,,,SLB,Asia & Pacific,12.10999966,,,
Solomon Islands,2018,833.9053076,2761.599595,SLB,Asia & Pacific,10.81000042,96.3806076,31.4,
Solomon Islands,2019,850.9433784,2772.800833,SLB,Asia & Pacific,11.13000011,111.9044876,,
Solomon Islands,2020,801.9098662,2618.323702,SLB,Asia & Pacific,12.75,,,
Solomon Islands,2021,832.0594371,2656.100603,SLB,Asia & Pacific,12.75,,1.029000044,
Solomon Islands,2022,,,SLB,Asia & Pacific,,,,
Somalia,2014,,,SOM,Africa,,,,
Somalia,2015,,,SOM,Africa,,,,
Somalia,2016,,,SOM,Africa,,,,
Somalia,2017,,,SOM,Africa,,,,
Somalia,2018,1.760859734,1156.516094,SOM,Africa,,,6.6,
Somalia,2019,1.782068746,1236.524544,SOM,Africa,,,,
Somalia,2020,1.705088738,1245.642283,SOM,Africa,,,,
Somalia,2021,1.702066297,1302.452519,SOM,Africa,,,19.86499977,
Somalia,2022,,,SOM,Africa,,,,
South Africa,2014,,,ZAF,Africa,5.489779949,,,
South Africa,2015,,,ZAF,Africa,5.482850075,1086,,
South Africa,2016,,,ZAF,Africa,5.444240093,,,
South Africa,2017,,,ZAF,Africa,5.598670006,,,
South Africa,2018,16.95226236,14207.43285,ZAF,Africa,5.644010067,564.5032959,25.9,
South Africa,2019,18.32224928,14288.58989,ZAF,Africa,5.917709827,546.6884155,,
South Africa,2020,18.76935082,13359.48433,ZAF,Africa,6.192880154,,,
South Africa,2021,19.39520183,14420.17432,ZAF,Africa,6.192880154,,33.55899811,
South Africa,2022,,,ZAF,Africa,,,,
South Sudan,2014,,,SSD,Africa,1.232460022,,,
South Sudan,2015,,,SSD,Africa,1.465559959,71,,
South Sudan,2016,,,SSD,Africa,1.543900013,,,
South Sudan,2017,,,SSD,Africa,,,,
South Sudan,2018,801.9252654,,SSD,Africa,,26.70323944,,
South Sudan,2019,802.8318715,,SSD,Africa,,22.63818741,,
South Sudan,2020,751.1939277,,SSD,Africa,,,,
South Sudan,2021,788.1121244,,SSD,Africa,,,13.91499996,
South Sudan,2022,,,SSD,Africa,,,,
Spain,2014,,,ESP,Europe,4.303380013,,,
Spain,2015,,,ESP,Europe,4.286570072,3183,,
Spain,2016,,,ESP,Europe,4.227640152,,,
Spain,2017,,,ESP,Europe,4.207779884,,,
Spain,2018,1883.934959,40696.38768,ESP,Europe,4.181570053,2740.269287,19.4,
Spain,2019,1923.218609,41695.14695,ESP,Europe,,2711.192871,,
Spain,2020,1715.070842,37756.351,ESP,Europe,,,,
Spain,2021,1803.044631,40775.27862,ESP,Europe,,,14.7329998,
Spain,2022,,,ESP,Europe,,,,
Sri Lanka,2014,,,LKA,Asia & Pacific,1.932880044,,,
Sri Lanka,2015,,,LKA,Asia & Pacific,2.22874999,353,,
Sri Lanka,2016,,,LKA,Asia & Pacific,,,,
Sri Lanka,2017,,,LKA,Asia & Pacific,,,,
Sri Lanka,2018,278.6831524,13167.5553,LKA,Asia & Pacific,2.135390043,162.1083984,5,
Sri Lanka,2019,285.1731807,13631.5552,LKA,Asia & Pacific,1.929999948,160.6969605,,
Sri Lanka,2020,274.8636245,13226.73006,LKA,Asia & Pacific,,,,
Sri Lanka,2021,284.9116278,14127.21128,LKA,Asia & Pacific,1.929999948,,5.394999981,
Sri Lanka,2022,,,LKA,Asia & Pacific,,,,
Sudan,2014,,,SDN,Africa,,,,
Sudan,2015,,,SDN,Africa,,277,,
Sudan,2016,,,SDN,Africa,,,,
Sudan,2017,,,SDN,Africa,,,,
Sudan,2018,182.662732,4474.155762,SDN,Africa,,59.51420593,13.3,
Sudan,2019,178.6838791,4349.709961,SDN,Africa,,46.92884064,,
Sudan,2020,172.1980016,4142.11084,SDN,Africa,,,,
Sudan,2021,172.3953202,4217.220703,SDN,Africa,,,19.80500031,
Sudan,2022,,,SDN,Africa,,,,
Suriname,2014,,,SUR,South America,,,,
Suriname,2015,,,SUR,South America,5.534684658,1017,,
Suriname,2016,,,SUR,South America,5.640516758,,,
Suriname,2017,,,SUR,South America,5.458669662,,,
Suriname,2018,10.94700983,19459.7015,SUR,South America,4.922540188,475.0387878,10,
Suriname,2019,11.06725921,19840.18306,SUR,South America,6.832258701,619.2471314,,
Suriname,2020,9.306685013,16733.38268,SUR,South America,5.007072449,,,
Suriname,2021,8.982936694,16675.63838,SUR,South America,5.007072449,,10.06499958,
Suriname,2022,,,SUR,South America,,,,
Sweden,2014,,,SWE,Europe,7.573729992,,,
Sweden,2015,,,SWE,Europe,7.443900108,5299,,
Sweden,2016,,,SWE,Europe,7.618619919,,,
Sweden,2017,,,SWE,Europe,7.568830013,,,
Sweden,2018,532.6652532,53521.63064,SWE,Europe,7.640840054,6005.065918,7.1,
Sweden,2019,543.2450285,54598.78035,SWE,Europe,,5671.385742,,
Sweden,2020,527.2509066,55064.88501,SWE,Europe,,,,
Sweden,2021,552.5621747,59323.96461,SWE,Europe,7.640840054,,8.661000252,
Sweden,2022,,,SWE,Europe,,,,
Switzerland,2014,,,CHE,Europe,4.877799988,,,
Switzerland,2015,,,CHE,Europe,4.93844986,7583,,
Switzerland,2016,,,CHE,Europe,4.926459789,,,
Switzerland,2017,,,CHE,Europe,4.951570034,,,
Switzerland,2018,601.0885712,71660.20684,CHE,Europe,4.863259792,9870.664063,4.6,
Switzerland,2019,608.3677069,72033.92944,CHE,Europe,,9666.337891,,
Switzerland,2020,593.810526,71745.2994,CHE,Europe,,,,
Switzerland,2021,615.734917,77324.08811,CHE,Europe,4.863259792,,5.321000099,
Switzerland,2022,,,CHE,Europe,,,,
Syria,2014,,,SYR,Middle East,,,,
Syria,2015,,,SYR,Middle East,,,,
Syria,2016,,,SYR,Middle East,,,,
Syria,2017,,,SYR,Middle East,,,,
Syria,2018,,,SYR,Middle East,,,14.3,
Syria,2019,,,SYR,Middle East,,,,
Syria,2020,,,SYR,Middle East,,,,
Syria,2021,,,SYR,Middle East,,,10.57299995,
Syria,2022,,,SYR,Middle East,,,,
Taiwan,2014,,,TWN,Asia & Pacific,,,,
Taiwan,2015,,,TWN,Asia & Pacific,,,,
Taiwan,2016,,,TWN,Asia & Pacific,,,,
Taiwan,2017,,,TWN,Asia & Pacific,,,,
Taiwan,2018,,,TWN,Asia & Pacific,,,4,
Taiwan,2019,,,TWN,Asia & Pacific,,,,
Taiwan,2020,,,TWN,Asia & Pacific,,,,
Taiwan,2021,,,TWN,Asia & Pacific,,,,
Taiwan,2022,,,TWN,Asia & Pacific,,,,
Tajikistan,2014,,,TJK,Asia & Pacific,,,,
Tajikistan,2015,,,TJK,Asia & Pacific,4.967740059,193,,
Tajikistan,2016,,,TJK,Asia & Pacific,5.763679981,,,
Tajikistan,2017,,,TJK,Asia & Pacific,5.83796978,,,
Tajikistan,2018,31.08211789,3496.891341,TJK,Asia & Pacific,5.5583601,59.84311676,10.8,
Tajikistan,2019,33.38239741,3732.561094,TJK,Asia & Pacific,5.712900162,61.87225342,,
Tajikistan,2020,34.85123948,3854.190435,TJK,Asia & Pacific,,,,
Tajikistan,2021,38.05761988,4288.360975,TJK,Asia & Pacific,5.712900162,,7.754000187,
Tajikistan,2022,,,TJK,Asia & Pacific,,,,
Tanzania,2014,,,TZA,Africa,3.384880066,,,
Tanzania,2015,,,TZA,Africa,4.194869995,96,,
Tanzania,2016,,,TZA,Africa,4.101970196,,,
Tanzania,2017,,,TZA,Africa,4.430510044,,,
Tanzania,2018,141.5857274,2652.081299,TZA,Africa,3.696439981,42.03595352,2.6,
Tanzania,2019,149.7976996,2772.928467,TZA,Africa,3.596836329,40.34330368,,
Tanzania,2020,152.7881762,2779.683594,TZA,Africa,3.225153446,,,
Tanzania,2021,159.3261114,2932.626221,TZA,Africa,6.595580578,,2.648999929,
Tanzania,2022,,,TZA,Africa,,,,
Thailand,2014,,,THA,Asia & Pacific,3.723560095,,,
Thailand,2015,,,THA,Asia & Pacific,3.759670019,610,,
Thailand,2016,,,THA,Asia & Pacific,3.637520075,,,
Thailand,2017,,,THA,Asia & Pacific,3.355730057,,,
Thailand,2018,1256.760375,18533.96473,THA,Asia & Pacific,3.056770086,278.6308289,0.6,
Thailand,2019,1283.801537,19216.84294,THA,Asia & Pacific,2.968980074,296.1651001,,
Thailand,2020,1204.263752,18197.94241,THA,Asia & Pacific,,,,
Thailand,2021,1223.126079,19209.49244,THA,Asia & Pacific,2.968980074,,1.417999983,
Thailand,2022,,,THA,Asia & Pacific,,,,
Timor-Leste,2014,,,TLS,Asia & Pacific,7.515490055,,,
Timor-Leste,2015,,,TLS,Asia & Pacific,8.445150375,141,,
Timor-Leste,2016,,,TLS,Asia & Pacific,8.078379631,,,
Timor-Leste,2017,,,TLS,Asia & Pacific,7.034530163,,,
Timor-Leste,2018,3.923279217,3168.048885,TLS,Asia & Pacific,6.727479935,93.64685822,4,
Timor-Leste,2019,4.6897236,3779.735417,TLS,Asia & Pacific,,92.67004395,,
Timor-Leste,2020,5.176134942,4140.95507,TLS,Asia & Pacific,,,,
Timor-Leste,2021,5.4038848,4417.58414,TLS,Asia & Pacific,,,5.073999882,
Timor-Leste,2022,,,TLS,Asia & Pacific,,,,
Togo,2014,,,TGO,Africa,4.78455019,,,
Togo,2015,,,TGO,Africa,5.10860014,96,,
Togo,2016,,,TGO,Africa,3.686490059,,,
Togo,2017,,,TGO,Africa,3.760529995,,,
Togo,2018,16.26206114,2110.579674,TGO,Africa,4.043940067,54.8932724,6.8,
Togo,2019,17.1499569,2211.453835,TGO,Africa,4.069143295,51.1550293,,
Togo,2020,17.45056563,2223.316956,TGO,Africa,3.991246223,,,
Togo,2021,18.3685692,2380.165428,TGO,Africa,3.991246223,,4.004000187,
Togo,2022,,,TGO,Africa,,,,
Trinidad and Tobago,2014,,,TTO,South America,5.331940174,,,
Trinidad and Tobago,2015,,,TTO,South America,3.387208223,2204,,
Trinidad and Tobago,2016,,,TTO,South America,3.953912735,,,
Trinidad and Tobago,2017,,,TTO,South America,3.575496912,,,
Trinidad and Tobago,2018,37.48751113,27616.8942,TTO,South America,3.304037809,1143.170532,3.9,
Trinidad and Tobago,2019,37.42324366,27959.52908,TTO,South America,3.698091507,1167.933105,,
Trinidad and Tobago,2020,34.66354691,26125.15329,TTO,South America,4.103740215,,,
Trinidad and Tobago,2021,34.32200433,26868.09272,TTO,South America,4.103740215,,4.804999828,
Trinidad and Tobago,2022,,,TTO,South America,,,,
Tunisia,2014,,,TUN,Africa,6.881869793,,,
Tunisia,2015,,,TUN,Africa,6.220449924,774,,
Tunisia,2016,,,TUN,Africa,7.32434988,,,
Tunisia,2017,,,TUN,Africa,,,,
Tunisia,2018,131.8205055,11670.32794,TUN,Africa,,236.7328339,14.8,
Tunisia,2019,133.5636512,11902.86201,TUN,Africa,,233.0593109,,
Tunisia,2020,121.8968987,10878.82319,TUN,Africa,,,,
Tunisia,2021,125.9716712,11594.72067,TUN,Africa,,,16.8239994,
Tunisia,2022,,,TUN,Africa,,,,
Turkiye,2014,,,TUR,Europe,,,,
Turkiye,2015,,,TUR,Europe,,996,,
Turkiye,2016,,,TUR,Europe,,,,
Turkiye,2017,,,TUR,Europe,,,,
Turkiye,2018,2331.742553,27960.98028,TUR,Europe,4.294069767,389.8655701,10.3,
Turkiye,2019,2352.485388,26867.47031,TUR,Europe,,396.4668274,,
Turkiye,2020,2394.678423,27235.42583,TUR,Europe,,,,
Turkiye,2021,2657.762129,30472.37993,TUR,Europe,,,13.38599968,
Turkiye,2022,,,TUR,Europe,,,,
Turkmenistan,2014,,,TKM,Asia & Pacific,,,,
Turkmenistan,2015,,,TKM,Asia & Pacific,,1004,,
Turkmenistan,2016,,,TKM,Asia & Pacific,,,,
Turkmenistan,2017,,,TKM,Asia & Pacific,,,,
Turkmenistan,2018,86.8586567,15200.00155,TKM,Asia & Pacific,,460.3240662,8.6,
Turkmenistan,2019,92.33075207,16194.21262,TKM,Asia & Pacific,3.120650053,500.0064392,,
Turkmenistan,2020,,,TKM,Asia & Pacific,,,,
Turkmenistan,2021,,,TKM,Asia & Pacific,3.120650053,,5.080999851,
Turkmenistan,2022,,,TKM,Asia & Pacific,,,,
Uganda,2014,,,UGA,Africa,1.914720058,,,
Uganda,2015,,,UGA,Africa,2.32152009,139,,
Uganda,2016,,,UGA,Africa,2.1378901,,,
Uganda,2017,,,UGA,Africa,2.253639936,,,
Uganda,2018,90.79031404,2175.55372,UGA,Africa,2.130520105,32.0545311,2.3,
Uganda,2019,96.63607087,2275.02815,UGA,Africa,1.529999971,32.40844345,,
Uganda,2020,99.48809744,2294.147984,UGA,Africa,2.586275816,,,
Uganda,2021,102.8504304,2397.761005,UGA,Africa,5.330106258,,2.936000109,
Uganda,2022,,,UGA,Africa,,,,
Ukraine,2014,,,UKR,Europe,5.874939919,,,
Ukraine,2015,,,UKR,Europe,5.74255991,469,,
Ukraine,2016,,,UKR,Europe,5.00977993,,,
Ukraine,2017,,,UKR,Europe,5.417079926,,,
Ukraine,2018,521.4794527,12631.65723,UKR,Europe,5.319920063,222.4753571,8.9,
Ukraine,2019,538.164208,13345.38281,UKR,Europe,5.441299915,248.1334839,,
Ukraine,2020,517.9679595,13087.30957,UKR,Europe,,,,
Ukraine,2021,535.5788701,14219.79004,UKR,Europe,5.441299915,,8.87899971,
Ukraine,2022,,,UKR,Europe,,,,
United Arab Emirates,2014,,,ARE,Middle East,,,,
United Arab Emirates,2015,,,ARE,Middle East,,2426,,
United Arab Emirates,2016,,,ARE,Middle East,,,,
United Arab Emirates,2017,,,ARE,Middle East,,,,
United Arab Emirates,2018,644.9686613,68568.09928,ARE,Middle East,,1817.347656,3.7,
United Arab Emirates,2019,666.9720167,71144.71598,ARE,Middle East,3.86736989,1842.694458,,
United Arab Emirates,2020,626.056613,66766.05393,ARE,Middle East,3.879869938,,,
United Arab Emirates,2021,,,ARE,Middle East,3.879869938,,3.35800004,
United Arab Emirates,2022,,,ARE,Middle East,,,,
United Kingdom,2014,,,GBR,Europe,5.564509869,,,
United Kingdom,2015,,,GBR,Europe,5.514110088,4145,,
United Kingdom,2016,,,GBR,Europe,5.375329971,,,
United Kingdom,2017,,,GBR,Europe,5.384990215,,,
United Kingdom,2018,3113.879864,47573.48802,GBR,Europe,5.167990208,4270.221191,4.8,
United Kingdom,2019,3165.942197,49041.46355,GBR,Europe,,4312.88916,,
United Kingdom,2020,2872.446349,46526.91187,GBR,Europe,,,,
United Kingdom,2021,3086.192926,49675.30467,GBR,Europe,,,4.526000023,
United Kingdom,2022,,,GBR,Europe,,,,
United States,2014,,,USA,North America,,,,
United States,2015,,,USA,North America,4.953410149,9536,,
United States,2016,,,USA,North America,4.798150063,,,
United States,2017,,,USA,North America,5.109220028,,,
United States,2018,20048.20229,62805.25376,USA,North America,4.912330151,10515.32324,4.9,
United States,2019,20507.07955,65094.79943,USA,North America,,10921.0127,,
United States,2020,19808.89764,63027.67953,USA,North America,,,,
United States,2021,20932.28146,69287.53659,USA,North America,,,5.464000225,
United States,2022,,,USA,North America,,,,
Uruguay,2014,,,URY,South America,4.584980011,,,
Uruguay,2015,,,URY,South America,4.554249763,1748,,
Uruguay,2016,,,URY,South America,4.382810116,,,
Uruguay,2017,,,URY,South America,4.470970154,,,
Uruguay,2018,79.45468278,23585.39404,URY,South America,4.662799835,1686.071289,8.2,
Uruguay,2019,79.73312945,24004.82114,URY,South America,4.703259945,1660.952881,,
Uruguay,2020,74.85228485,22728.21533,URY,South America,,,,
Uruguay,2021,78.1210911,24625.45134,URY,South America,4.703259945,,10.44699955,
Uruguay,2022,,,URY,South America,,,,
Uzbekistan,2014,,,UZB,Asia & Pacific,5.713230133,,,
Uzbekistan,2015,,,UZB,Asia & Pacific,5.494440079,383,,
Uzbekistan,2016,,,UZB,Asia & Pacific,5.380899906,,,
Uzbekistan,2017,,,UZB,Asia & Pacific,5.032820225,,,
Uzbekistan,2018,233.4256009,7252.137355,UZB,Asia & Pacific,5.900000095,82.26926422,8.9,
Uzbekistan,2019,246.7533442,7658.27241,UZB,Asia & Pacific,7.001860142,98.57316589,,
Uzbekistan,2020,251.4077174,7746.430969,UZB,Asia & Pacific,4.922790051,,,
Uzbekistan,2021,270.0624472,8497.448308,UZB,Asia & Pacific,4.922790051,,7.160999775,
Uzbekistan,2022,,,UZB,Asia & Pacific,,,,
Venezuela,2014,,,VEN,South America,,,,
Venezuela,2015,,,VEN,South America,1.930179954,579,,
Venezuela,2016,,,VEN,South America,1.190230012,,,
Venezuela,2017,,,VEN,South America,1.344079971,,,
Venezuela,2018,,,VEN,South America,,464.044342,6.9,
Venezuela,2019,,,VEN,South America,,338.8253784,,
Venezuela,2020,,,VEN,South America,,,,
Venezuela,2021,,,VEN,South America,,,6.413000107,
Venezuela,2022,,,VEN,South America,,,,
Vietnam,2014,,,VNM,Asia & Pacific,,,,
Vietnam,2015,,,VNM,Asia & Pacific,4.465760231,334,,
Vietnam,2016,,,VNM,Asia & Pacific,4.344810009,,,
Vietnam,2017,,,VNM,Asia & Pacific,4.085539818,,,
Vietnam,2018,912.3397003,9776.8195,VNM,Asia & Pacific,4.167449951,163.1509552,2.2,
Vietnam,2019,977.5719888,10561.97128,VNM,Asia & Pacific,4.061970234,180.7181854,,
Vietnam,2020,1006.312605,10904.45215,VNM,Asia & Pacific,,,,
Vietnam,2021,1032.365279,11553.06992,VNM,Asia & Pacific,4.061970234,,2.165999889,
Vietnam,2022,,,VNM,Asia & Pacific,,,,
Yemen,2014,,,YEM,Middle East,,,,
Yemen,2015,,,YEM,Middle East,,144,,
Yemen,2016,,,YEM,Middle East,,,,
Yemen,2017,,,YEM,Middle East,,,,
Yemen,2018,,,YEM,Middle East,,,17.1,
Yemen,2019,,,YEM,Middle East,,,,
Yemen,2020,,,YEM,Middle East,,,,
Yemen,2021,,,YEM,Middle East,,,13.57400036,
Yemen,2022,,,YEM,Middle East,,,,
Zambia,2014,,,ZMB,Africa,5.199999809,,,
Zambia,2015,,,ZMB,Africa,4.624330044,203,,
Zambia,2016,,,ZMB,Africa,3.747920036,,,
Zambia,2017,,,ZMB,Africa,3.729640007,,,
Zambia,2018,61.10485865,3605.676095,ZMB,Africa,4.739749908,76.31442261,7.5,
Zambia,2019,61.98556666,3616.903819,ZMB,Africa,4.46517992,69.32437897,,
Zambia,2020,60.2592345,3457.328102,ZMB,Africa,3.70240283,,,
Zambia,2021,62.41218565,3623.854913,ZMB,Africa,3.70240283,,13.02600002,
Zambia,2022,,,ZMB,Africa,,,,
Zimbabwe,2014,,,ZWE,Africa,6.13835001,,,
Zimbabwe,2015,,,ZWE,Africa,5.812789917,182,,
Zimbabwe,2016,,,ZWE,Africa,5.47262001,,,
Zimbabwe,2017,,,ZWE,Africa,5.818779945,,,
Zimbabwe,2018,36.05568617,2556.793484,ZWE,Africa,3.866110086,141.3693078,5.1,
Zimbabwe,2019,33.84033961,2408.154197,ZWE,Africa,,103.0282722,,
Zimbabwe,2020,31.72574199,2251.455674,ZWE,Africa,,,,
Zimbabwe,2021,33.58151381,2444.478237,ZWE,Africa,3.866110086,,5.173999786,
Zimbabwe,2022,,,ZWE,Africa,,,,
